dataset,algorithm,attack,seed,rounds,n_clients,n_params,malicious_frac,zt_tau,test_mae,test_rmse,test_mape,test_accuracy,test_macro_f1,test_macro_recall,test_macro_precision,test_weighted_f1,test_auc,val_mae,val_rmse,val_mape,val_accuracy,val_macro_f1,val_macro_recall,val_macro_precision,val_weighted_f1,val_auc,sec_trust_auc,sec_malicious_weight_mass,sec_tdr,sec_fpr,sec_mean_trust_benign,sec_mean_trust_malicious,sec_trust_margin,sec_tau_used,n_malicious,wall_time_s
METR-LA,FedAvg,No_Attack,42,40,10,7825,0.3,0.35,2.4177663326263428,4.345465183258057,5.906896114349365,0.83685,0.7072413614852107,0.6929510073139522,0.7233071728129119,0.8334216808960143,0.9747783455483774,2.3112831115722656,4.105151176452637,5.632111072540283,0.8492,0.7084859790384412,0.6945275897220192,0.7254773602955373,0.8467027655046273,0.9777118322164622,,0.0,,,0.5,,,0.35,3,248.5539586544037
METR-LA,FedAvg,No_Attack,43,40,10,7825,0.3,0.35,2.423400402069092,4.358703136444092,5.954730033874512,0.8371,0.7043760463802275,0.689809078246611,0.7207222690641153,0.8337452884189727,0.974866188787568,2.3089449405670166,4.120384693145752,5.63671875,0.8502,0.7099289323426005,0.6960247172533526,0.7268367028566305,0.847788684951635,0.9776386623187344,,0.0,,,0.5,,,0.35,3,249.2581329345703
METR-LA,FedAvg,No_Attack,44,40,10,7825,0.3,0.35,2.435257911682129,4.372129440307617,6.091914176940918,0.8345,0.7018458509513316,0.6849007275226072,0.722277620652356,0.8313103646557649,0.9744430112413585,2.3295836448669434,4.127064228057861,5.779340744018555,0.84705,0.7036837348318852,0.6888248880537661,0.723287221057452,0.8447946417704012,0.9774680716306041,,0.0,,,0.5,,,0.35,3,248.6331753730774
METR-LA,FedAvg,No_Attack,45,40,10,7825,0.3,0.35,2.430537462234497,4.3763885498046875,6.000049591064453,0.83565,0.7014016702237793,0.6871435841615094,0.7178625961237164,0.8314121932557594,0.9749251517145697,2.3100500106811523,4.116405963897705,5.661079406738281,0.849,0.7074489937071853,0.6931397732266864,0.7249337964630893,0.8457357631136668,0.9776439246473145,,0.0,,,0.5,,,0.35,3,249.37417674064636
METR-LA,FedAvg,No_Attack,46,40,10,7825,0.3,0.35,2.4201276302337646,4.349922180175781,5.899224758148193,0.8358,0.7053335616346528,0.6909100045301915,0.7214799151736863,0.8322006915351289,0.974901033132024,2.2996394634246826,4.08685827255249,5.621184825897217,0.84965,0.7084897555389975,0.6938781396421981,0.7257871505749119,0.8469056042594828,0.9779929661871302,,0.0,,,0.5,,,0.35,3,249.04501175880432
METR-LA,FedAvg,No_Attack,47,40,10,7825,0.3,0.35,2.415494441986084,4.334912300109863,5.914380073547363,0.8352,0.7011020639999188,0.686300554986725,0.7181244049294961,0.8315446986295174,0.9752361327187604,2.304553508758545,4.0977864265441895,5.641318321228027,0.84875,0.7066032043962027,0.6924896086534633,0.724454715237638,0.8461042898181751,0.9779240596268607,,0.0,,,0.5,,,0.35,3,249.70475721359253
METR-LA,FedProx,No_Attack,42,40,10,7825,0.3,0.35,2.480637788772583,4.403048515319824,6.319310665130615,0.8313,0.6967730459698369,0.6812259575313874,0.7158066671590186,0.8287441702362421,0.975107358008784,2.364650249481201,4.161135196685791,5.999918460845947,0.8468,0.7052894032131702,0.6896708826501333,0.7259780588810492,0.844804764960236,0.9780989433642779,,0.0,,,0.5,,,0.35,3,396.9911458492279
METR-LA,FedProx,No_Attack,43,40,10,7825,0.3,0.35,2.4559316635131836,4.382962703704834,6.1110520362854,0.8332,0.7009252936359882,0.686422307082243,0.7175901833087491,0.8299677888202334,0.975047629231732,2.339749813079834,4.126139163970947,5.787209510803223,0.8468,0.7049944870377803,0.6900409355078814,0.7236751181179836,0.8443259430664939,0.9780465137252132,,0.0,,,0.5,,,0.35,3,396.42073225975037
METR-LA,FedProx,No_Attack,44,40,10,7825,0.3,0.35,2.4720757007598877,4.396883487701416,6.238382816314697,0.83185,0.697900161528135,0.6824362475551744,0.7163099472625578,0.8292252475020708,0.9750687934844492,2.359253168106079,4.149582386016846,5.920352935791016,0.84645,0.7029629958611568,0.6874126690973206,0.722673626156098,0.8444038852487312,0.97810041204483,,0.0,,,0.5,,,0.35,3,396.90859270095825
METR-LA,FedProx,No_Attack,45,40,10,7825,0.3,0.35,2.480130910873413,4.425877094268799,6.1574931144714355,0.83215,0.6977174084883234,0.6837917890644087,0.7134127537682307,0.8284898349460651,0.9750396107092341,2.357069969177246,4.163992404937744,5.801246166229248,0.84725,0.705206180618145,0.6898315103195618,0.7231552557695451,0.8442573670374719,0.9780179088059096,,0.0,,,0.5,,,0.35,3,397.2301585674286
METR-LA,FedProx,No_Attack,46,40,10,7825,0.3,0.35,2.467768907546997,4.380736827850342,6.149346828460693,0.83185,0.6989845080835986,0.686431948990207,0.7126865980692262,0.8295136586256667,0.975365587317907,2.3512938022613525,4.131691932678223,5.819240570068359,0.8464,0.7051635002032548,0.6920280955379969,0.7202476987823339,0.8446308226772157,0.9782453972920002,,0.0,,,0.5,,,0.35,3,399.1729037761688
METR-LA,FedProx,No_Attack,47,40,10,7825,0.3,0.35,2.4764907360076904,4.381633758544922,6.249321937561035,0.8315,0.697393892840351,0.6828620662433702,0.7148792670439286,0.8290813850140033,0.9750953744664439,2.3630571365356445,4.135335922241211,5.929652690887451,0.84575,0.7025399713378389,0.6881185843591057,0.721000373915294,0.84387397225444,0.9780118772216742,,0.0,,,0.5,,,0.35,3,396.8022813796997
METR-LA,SCAFFOLD,No_Attack,42,40,10,7825,0.3,0.35,2.5208237171173096,4.414484977722168,6.155178546905518,0.8281,0.6970826872302303,0.6875579983013005,0.708197183447288,0.8261620943667721,0.9755451455570218,2.4046616554260254,4.176855564117432,5.814239025115967,0.8406,0.7022607469971168,0.6925557942592105,0.7144708848892359,0.8393877023322358,0.9782372917253725,,0.0,,,0.5,,,0.35,3,253.69189977645874
METR-LA,SCAFFOLD,No_Attack,43,40,10,7825,0.3,0.35,2.5208828449249268,4.412948131561279,6.11723518371582,0.8276,0.6975297691470624,0.6902129083821851,0.7058431353863608,0.8263093094597299,0.9756000976047265,2.4035356044769287,4.170389652252197,5.7724456787109375,0.8408,0.7027192008058873,0.6944458547172898,0.7129379442375392,0.8399812057807489,0.9783085246102216,,0.0,,,0.5,,,0.35,3,252.2875199317932
METR-LA,SCAFFOLD,No_Attack,44,40,10,7825,0.3,0.35,2.514498710632324,4.391161918640137,6.141643524169922,0.8287,0.6997903841327413,0.6912565640446561,0.7097507586532477,0.8275089858855005,0.9756576369843217,2.399717092514038,4.1505231857299805,5.802735805511475,0.8413,0.7030720828017791,0.6941496762235368,0.7143498984041362,0.8406773383121215,0.9783838024844115,,0.0,,,0.5,,,0.35,3,252.47813487052917
METR-LA,SCAFFOLD,No_Attack,45,40,10,7825,0.3,0.35,2.527737855911255,4.436326026916504,6.164626121520996,0.8282,0.6947018635939126,0.6836218824170542,0.7076572657107499,0.8250088835545328,0.9754854215240112,2.4070067405700684,4.193106174468994,5.8138957023620605,0.84135,0.7012850202583993,0.6889310731473962,0.7165170194153366,0.8388907186705606,0.9781409403718584,,0.0,,,0.5,,,0.35,3,251.61919569969177
METR-LA,SCAFFOLD,No_Attack,46,40,10,7825,0.3,0.35,2.5234780311584473,4.4011945724487305,6.127649307250977,0.82785,0.6983632866670211,0.6916892430043837,0.7059989681555583,0.8270570672585225,0.975662087588249,2.408050298690796,4.16024923324585,5.786535739898682,0.8411,0.7038003571758269,0.6960394323054474,0.7136130090063967,0.8407467275012411,0.9783729039770513,,0.0,,,0.5,,,0.35,3,253.7474114894867
METR-LA,SCAFFOLD,No_Attack,47,40,10,7825,0.3,0.35,2.51891827583313,4.41763973236084,6.108160495758057,0.8278,0.6971414457042875,0.6897585777640936,0.7055226402799117,0.8263104292292428,0.9755379186338777,2.4008028507232666,4.174825668334961,5.759401798248291,0.8403,0.7010977911065603,0.6929065879734078,0.7110624698946209,0.8394002924111829,0.9782200549616681,,0.0,,,0.5,,,0.35,3,253.38010144233704
METR-LA,FLTrust,No_Attack,42,40,10,7825,0.3,0.35,2.510768413543701,4.4100518226623535,6.464972496032715,0.831,0.6916995654133882,0.6789698715231954,0.710847570334143,0.8297265661572634,0.9747349471408695,2.4206666946411133,4.236928462982178,6.30858850479126,0.84275,0.6953567726611876,0.6855143483815709,0.7154159366277073,0.8423506170816201,0.9771913132706957,,0.0,,,0.011689730081707239,,,0.35,3,272.59809851646423
METR-LA,FLTrust,No_Attack,43,40,10,7825,0.3,0.35,2.553251266479492,4.488564491271973,6.335792064666748,0.82825,0.6871834750021597,0.676137391092636,0.7006822594011963,0.8257185920897918,0.974001874626883,2.4312901496887207,4.274355411529541,6.091400146484375,0.84395,0.6964200522920876,0.6850850123771082,0.7115441748414326,0.841536894948655,0.9766269399338423,,0.0,,,0.007998265512287616,,,0.35,3,272.31505012512207
METR-LA,FLTrust,No_Attack,44,40,10,7825,0.3,0.35,2.5901761054992676,4.525698184967041,6.409778594970703,0.8257,0.6865821386056038,0.6765871650467502,0.6983623964179856,0.8240773841454467,0.9730448818753504,2.495978593826294,4.334845542907715,6.226282119750977,0.83845,0.6899689062885136,0.6811226679130441,0.7014553086768788,0.8376619470696643,0.9756825363459504,,0.0,,,0.005208787089213729,,,0.35,3,271.58620977401733
METR-LA,FLTrust,No_Attack,45,40,10,7825,0.3,0.35,2.4580078125,4.380019664764404,6.100104331970215,0.83495,0.699434445118575,0.682276549785865,0.7199997895744618,0.8301827768248735,0.9748255920464226,2.3467085361480713,4.145340442657471,5.81968879699707,0.848,0.7031499462494728,0.6864055755653096,0.7249907475260416,0.8441677837880481,0.9775912222465404,,0.0,,,0.010553172836080194,,,0.35,3,272.1253168582916
METR-LA,FLTrust,No_Attack,46,40,10,7825,0.3,0.35,2.4758503437042236,4.403582572937012,6.077580451965332,0.8337,0.6984372069001455,0.6866282251460601,0.7116424715865374,0.8301025813985725,0.9743252871025395,2.3552677631378174,4.19024658203125,5.785821437835693,0.84615,0.7035631112072509,0.691849065430537,0.7173492619308037,0.8434702656689971,0.9770077686446197,,0.0,,,0.020129901822656393,,,0.35,3,273.4865882396698
METR-LA,FLTrust,No_Attack,47,40,10,7825,0.3,0.35,2.512756586074829,4.556741714477539,6.196683406829834,0.83145,0.6930688961058536,0.6791926918823956,0.7089270913880623,0.8272438290242955,0.9729127691649921,2.395052671432495,4.307118892669678,5.912083148956299,0.8461,0.701721163028059,0.6899188179294492,0.7148371018680926,0.8432088347767709,0.9764745916018452,,0.0,,,0.00553489439189434,,,0.35,3,272.8160526752472
METR-LA,Multi-Krum,No_Attack,42,40,10,7825,0.3,0.35,2.454153060913086,4.369813919067383,6.157315731048584,0.83335,0.699771273494237,0.6837445228600613,0.720834868653734,0.8302828343183742,0.9748460212710218,2.355318069458008,4.1451873779296875,5.958539962768555,0.84715,0.7045142672173785,0.6903104148494489,0.7245202920031378,0.8450169303325032,0.9777047663109821,,0.0,,,0.5,,,0.35,3,247.83350253105164
METR-LA,Multi-Krum,No_Attack,43,40,10,7825,0.3,0.35,2.458153009414673,4.3936285972595215,5.953323841094971,0.8339,0.7002022029929522,0.6888238343088043,0.7127709230462271,0.8305100654944708,0.9746078275853144,2.332184314727783,4.1381354331970215,5.637547969818115,0.846,0.7033478448723718,0.6917478411090364,0.7167755989644029,0.8435253726914752,0.9775484378235202,,0.0,,,0.5,,,0.35,3,248.2553427219391
METR-LA,Multi-Krum,No_Attack,44,40,10,7825,0.3,0.35,2.4470083713531494,4.362113952636719,6.009368419647217,0.8326,0.6982119710376631,0.6819892492048534,0.7173952531955821,0.82884695040637,0.9747424460976732,2.345320701599121,4.150651931762695,5.847578048706055,0.8466,0.7027810515601669,0.6866230988700404,0.7231948643269298,0.8433868221573548,0.9770401817438407,,0.0,,,0.5,,,0.35,3,248.30862712860107
METR-LA,Multi-Krum,No_Attack,45,40,10,7825,0.3,0.35,2.4379265308380127,4.355222225189209,5.919101238250732,0.8345,0.6994714206518607,0.6877853937670917,0.7124901664284298,0.8308031489016979,0.9750529332080049,2.332545518875122,4.14072847366333,5.666946887969971,0.84725,0.7047605364606431,0.6932493107968536,0.7184570630219788,0.844486060228448,0.9773601000585055,,0.0,,,0.5,,,0.35,3,248.8887267112732
METR-LA,Multi-Krum,No_Attack,46,40,10,7825,0.3,0.35,2.451160430908203,4.395046234130859,5.987380504608154,0.83375,0.6989665312604212,0.6844756203519436,0.7154058750722536,0.8299114200310658,0.974648606557612,2.329467296600342,4.13817024230957,5.719553470611572,0.8476,0.705716338442468,0.6921924511731897,0.7221045183436077,0.8448972872103919,0.9775225437610506,,0.0,,,0.5,,,0.35,3,247.5737247467041
METR-LA,Multi-Krum,No_Attack,47,40,10,7825,0.3,0.35,2.4445226192474365,4.351226806640625,6.128594875335693,0.83315,0.6995016580978006,0.6838425128165373,0.7190157193849036,0.8303718943405216,0.9750568750913646,2.3470118045806885,4.147665023803711,5.916316986083984,0.8474,0.7037602365558435,0.6899880360210383,0.723146916016289,0.8453716945513257,0.9775616989981236,,0.0,,,0.5,,,0.35,3,248.27825260162354
METR-LA,Static-Mamdani-FL,No_Attack,42,40,10,7825,0.3,0.35,2.4189271926879883,4.343947410583496,5.880821704864502,0.8361,0.7077210345384961,0.6948125855114029,0.7220022253354291,0.833126843022629,0.9748695656292615,2.315394878387451,4.101633548736572,5.623778820037842,0.8488,0.7099026201933454,0.6974460573394078,0.7246772159251925,0.8468094992005455,0.9776508238430267,,0.0,,,0.8081013861627829,,,0.35,3,250.13759207725525
METR-LA,Static-Mamdani-FL,No_Attack,43,40,10,7825,0.3,0.35,2.428981304168701,4.360850811004639,5.954946041107178,0.83465,0.7014300650088128,0.6879385333181136,0.716264787554042,0.8314121884641016,0.9750258834251094,2.316706657409668,4.1196370124816895,5.631460666656494,0.84775,0.7023565980708887,0.6891816330260208,0.7176666393113516,0.8450458069427065,0.9776964888184947,,0.0,,,0.7626639950860181,,,0.35,3,249.2911660671234
METR-LA,Static-Mamdani-FL,No_Attack,44,40,10,7825,0.3,0.35,2.439610719680786,4.373110294342041,6.058279514312744,0.83395,0.7008951241460497,0.6847290764874001,0.7203817304411888,0.8308239583091699,0.9746029692480069,2.33123517036438,4.13026237487793,5.777744770050049,0.84775,0.7058865770369813,0.6912368257543281,0.7246958425564488,0.8455057810441984,0.9774910090862716,,0.0,,,0.8165358085581126,,,0.35,3,250.32832622528076
METR-LA,Static-Mamdani-FL,No_Attack,45,40,10,7825,0.3,0.35,2.4360227584838867,4.387661933898926,6.003166198730469,0.8363,0.7012399110253208,0.6867873491226314,0.7178503060270538,0.8319810093125192,0.9749132815294189,2.314303398132324,4.1265997886657715,5.668323516845703,0.8501,0.707975109183265,0.6939183690402919,0.724736424185303,0.8468229948294693,0.9775979956309508,,0.0,,,0.748702610390903,,,0.35,3,252.08415365219116
METR-LA,Static-Mamdani-FL,No_Attack,46,40,10,7825,0.3,0.35,2.412968635559082,4.338858604431152,5.8970842361450195,0.8352,0.7019710738576167,0.6870464683770161,0.7190851021406942,0.8317715858663803,0.9749950931155456,2.3027737140655518,4.087836265563965,5.642129421234131,0.84935,0.7101085660886312,0.6959058802553871,0.7275163708726217,0.8468326160296121,0.9779661923922041,,0.0,,,0.8139213265731515,,,0.35,3,250.51399111747742
METR-LA,Static-Mamdani-FL,No_Attack,47,40,10,7825,0.3,0.35,2.421032190322876,4.343232154846191,5.964414596557617,0.83625,0.7023940660506652,0.6855106459505584,0.7224238512929089,0.8322515187334175,0.9751459312426219,2.304429292678833,4.094524383544922,5.667685508728027,0.84885,0.7053270426953328,0.689561107200416,0.7255860788075813,0.8459127972735944,0.9777794798537052,,0.0,,,0.7444145486204568,,,0.35,3,252.05090618133545
METR-LA,ZeroTrust-ANFIS-FL,No_Attack,42,40,10,7825,0.3,0.35,2.4282445907592773,4.364515781402588,5.92395544052124,0.83485,0.70041533360695,0.6873438651075553,0.714996167321035,0.831516470023817,0.9745844570161094,2.3070645332336426,4.107699394226074,5.625042915344238,0.84965,0.7087210171091712,0.6954158826030423,0.7244791210354825,0.8471935057178871,0.9778531083696106,,0.0,,,0.5479492864706952,,,0.35,3,250.971821308136
METR-LA,ZeroTrust-ANFIS-FL,No_Attack,43,40,10,7825,0.3,0.35,2.44888973236084,4.416804313659668,5.995448589324951,0.8329,0.694524325010976,0.681446454389247,0.7088527667945925,0.8296078990941865,0.9743344989193021,2.318580150604248,4.110973834991455,5.629451751708984,0.8488,0.7052435771485708,0.6926019657492845,0.719660905435087,0.8464133030184585,0.9778861609272632,,0.0,,,0.5507013551125554,,,0.35,3,250.26281929016113
METR-LA,ZeroTrust-ANFIS-FL,No_Attack,44,40,10,7825,0.3,0.35,2.4252679347991943,4.348840236663818,5.998403072357178,0.83585,0.7048147433034966,0.6887494723252172,0.7233510515668449,0.8325672140602693,0.9748151557264468,2.3249282836914062,4.113498210906982,5.733402252197266,0.84755,0.703630424956587,0.6889266860894294,0.7227915261395249,0.8451902706751622,0.9776771000838315,,0.0,,,0.5499573394994512,,,0.35,3,249.9404113292694
METR-LA,ZeroTrust-ANFIS-FL,No_Attack,45,40,10,7825,0.3,0.35,2.4257147312164307,4.371705055236816,5.932937145233154,0.83515,0.7016728304845994,0.6886834319689351,0.7162852283333823,0.8310372540050969,0.9751105933986244,2.3049678802490234,4.11426305770874,5.590439796447754,0.84905,0.7063648182404373,0.6932155895457275,0.7217548361720773,0.8459343341530307,0.9779461138066926,,0.0,,,0.5459861638386329,,,0.35,3,249.52713632583618
METR-LA,ZeroTrust-ANFIS-FL,No_Attack,46,40,10,7825,0.3,0.35,2.4182722568511963,4.341287612915039,5.836909770965576,0.83495,0.7019485731098694,0.6910419182180354,0.7138234498840414,0.8323863422926677,0.9749579492770667,2.302363634109497,4.087631702423096,5.573551654815674,0.84935,0.711095412264292,0.6999777897750816,0.7238423486998145,0.8475841202606145,0.9779504323897101,,0.0,,,0.548607384470116,,,0.35,3,249.4329550266266
METR-LA,ZeroTrust-ANFIS-FL,No_Attack,47,40,10,7825,0.3,0.35,2.416921854019165,4.347750663757324,5.851224422454834,0.8364,0.7038890257544472,0.690345038293804,0.7189680265506102,0.8329104948648365,0.9750933629781882,2.3063743114471436,4.104262828826904,5.602114200592041,0.8492,0.7077889263670425,0.6946541017992283,0.7234784147605517,0.8466662365722003,0.9778333318483572,,0.0,,,0.548553341567388,,,0.35,3,251.3172962665558
METR-LA,FedAvg,Byzantine_Noise,42,40,10,7825,0.3,0.35,3.5101237297058105,5.316656112670898,8.876104354858398,0.7976,0.5905754019546574,0.5553185005500533,0.6670750944070127,0.7796653946548869,0.9709195940986008,3.4617459774017334,5.184065341949463,8.861271858215332,0.81245,0.5990764993748708,0.5635781017076967,0.6794603431201507,0.7950308056161077,0.9733628064939851,0.5,0.3,0.0,0.0,0.5,0.5,0.0,0.35,3,247.4557671546936
METR-LA,FedAvg,Byzantine_Noise,43,40,10,7825,0.3,0.35,3.1201155185699463,4.732911109924316,7.467072486877441,0.7832,0.6677608218212306,0.6711094431195621,0.6768253561158761,0.7919773241913093,0.9705145030321873,2.9822449684143066,4.484722137451172,7.227232456207275,0.80545,0.6781071616510367,0.6823693020228662,0.6885708497476306,0.8131526493644725,0.9746108510186972,0.5,0.3,0.0,0.0,0.5,0.5,0.0,0.35,3,248.27989840507507
METR-LA,FedAvg,Byzantine_Noise,44,40,10,7825,0.3,0.35,3.6434147357940674,5.183365345001221,8.112858772277832,0.74725,0.6440595280455385,0.6689244039204032,0.6314292753609688,0.7630154350262508,0.9695792917699106,3.613650321960449,5.050673007965088,7.981917858123779,0.75865,0.6380290220253622,0.6629662517882179,0.6266753105073299,0.7751656999549532,0.9721414131261672,0.5,0.3,0.0,0.0,0.5,0.5,0.0,0.35,3,248.2033886909485
METR-LA,FedAvg,Byzantine_Noise,45,40,10,7825,0.3,0.35,3.86767578125,5.690260887145996,8.827507019042969,0.71195,0.6134087159929025,0.6263602321182026,0.6240270029957365,0.7324706215653596,0.9573939274234733,3.8962624073028564,5.607468128204346,8.70251178741455,0.7136,0.6027931483699085,0.6241288687171059,0.6097779618520389,0.7383599065911894,0.9628428009749193,0.5,0.3,0.0,0.0,0.5,0.5,0.0,0.35,3,249.36166787147522
METR-LA,FedAvg,Byzantine_Noise,46,40,10,7825,0.3,0.35,6.462583541870117,7.927844047546387,13.352100372314453,0.7713,0.54926566466615,0.5140027114708883,0.6298529379035482,0.7335804818388943,0.9642877219664929,6.441670894622803,7.810050010681152,13.212969779968262,0.79165,0.5630453851145762,0.5261425448765406,0.6489064507615405,0.756031294394013,0.967790795750178,0.5,0.3,0.0,0.0,0.5,0.5,0.0,0.35,3,249.90907835960388
METR-LA,FedAvg,Byzantine_Noise,47,40,10,7825,0.3,0.35,5.069141387939453,6.619506359100342,12.411176681518555,0.7579,0.47485022681642813,0.4496285549926028,0.6210565357051895,0.7205050774076033,0.9709337457418306,4.981083393096924,6.467833518981934,12.296955108642578,0.7779,0.48762895562224207,0.46322354391454806,0.6339472374897205,0.7427952648181879,0.9744250466404242,0.5,0.3,0.0,0.0,0.5,0.5,0.0,0.35,3,248.61487102508545
METR-LA,FedProx,Byzantine_Noise,42,40,10,7825,0.3,0.35,2.5178370475769043,4.420544624328613,6.629456043243408,0.82925,0.6876610759590954,0.6689028365468335,0.7146666440585199,0.8258091068673499,0.9757564120186276,2.4144670963287354,4.221176624298096,6.408669948577881,0.84435,0.6946879294713117,0.6763560758119999,0.723892496262178,0.8414442735698469,0.978456260132068,0.5,0.3,0.0,0.0,0.5,0.5,0.0,0.35,3,396.40924096107483
METR-LA,FedProx,Byzantine_Noise,43,40,10,7825,0.3,0.35,2.5076370239257812,4.4351487159729,6.440893650054932,0.83035,0.6872976157945646,0.6681306548330995,0.7116500677710735,0.8263915803459855,0.9750594346131713,2.396145820617676,4.192528247833252,6.133419513702393,0.84435,0.6971972055128548,0.6786785663822104,0.7220161408538004,0.8412298849867144,0.978103762398775,0.5,0.3,0.0,0.0,0.5,0.5,0.0,0.35,3,396.52188372612
METR-LA,FedProx,Byzantine_Noise,44,40,10,7825,0.3,0.35,2.4988179206848145,4.426137924194336,6.370839595794678,0.8313,0.6959118066393614,0.6810844162533032,0.7144059684340919,0.8287847052560623,0.9749340969248339,2.3829617500305176,4.17891788482666,6.039882659912109,0.84495,0.7014876949006597,0.6868043338724987,0.7212288541985108,0.8430104807914981,0.9780482894896829,0.5,0.3,0.0,0.0,0.5,0.5,0.0,0.35,3,398.2619390487671
METR-LA,FedProx,Byzantine_Noise,45,40,10,7825,0.3,0.35,2.530827283859253,4.4240827560424805,6.264717102050781,0.82905,0.7019126965951681,0.694408891638147,0.7102791378039849,0.8290979099206519,0.9745364203749344,2.4198153018951416,4.165825843811035,5.919649600982666,0.8441,0.708151602470065,0.6999822161240006,0.7184108896628661,0.8443436561269333,0.9777174300476577,0.5,0.3,0.0,0.0,0.5,0.5,0.0,0.35,3,398.56506729125977
METR-LA,FedProx,Byzantine_Noise,46,40,10,7825,0.3,0.35,2.5101664066314697,4.451766014099121,6.3675217628479,0.8321,0.692836904160031,0.6744675782489874,0.7148402773383279,0.8269260306977856,0.9750405219049123,2.390150547027588,4.2079596519470215,6.034284591674805,0.847,0.7016223331089397,0.6823525532799598,0.7257043635018563,0.84276873867635,0.9779450113216016,0.5,0.3,0.0,0.0,0.5,0.5,0.0,0.35,3,400.03703260421753
METR-LA,FedProx,Byzantine_Noise,47,40,10,7825,0.3,0.35,2.5653395652770996,4.494734287261963,6.640133857727051,0.82935,0.6859801536225112,0.6637359812529364,0.7161132786961429,0.8236536494106033,0.9749893821226167,2.4480764865875244,4.267000198364258,6.336078643798828,0.84465,0.6953895893751747,0.6728368173843975,0.7277040842319469,0.8396413163882186,0.9778370358473256,0.5,0.3,0.0,0.0,0.5,0.5,0.0,0.35,3,398.23683285713196
METR-LA,SCAFFOLD,Byzantine_Noise,42,40,10,7825,0.3,0.35,2.5305683612823486,4.420386791229248,6.184831619262695,0.828,0.6974555504313964,0.6886049485581551,0.7080857027740769,0.8265707665076054,0.9754725473469508,2.41615891456604,4.189272880554199,5.851257801055908,0.8402,0.7032245303044109,0.6943209407854606,0.7149223941205186,0.8394336370645346,0.9781416947693965,0.5,0.3,0.0,0.0,0.5,0.5,0.0,0.35,3,252.8892605304718
METR-LA,SCAFFOLD,Byzantine_Noise,43,40,10,7825,0.3,0.35,2.5304200649261475,4.429401874542236,6.140873432159424,0.8273,0.6964883847587234,0.6890475189698295,0.7052403435607226,0.8260102596898925,0.9754629616033702,2.4134726524353027,4.192132472991943,5.8002824783325195,0.8398,0.7018046515645692,0.6941889616139567,0.7115871617130526,0.8390713454829852,0.9781471667929509,0.5,0.3,0.0,0.0,0.5,0.5,0.0,0.35,3,253.31593418121338
METR-LA,SCAFFOLD,Byzantine_Noise,44,40,10,7825,0.3,0.35,2.5222320556640625,4.411471843719482,6.159235000610352,0.8276,0.696567752891261,0.6875466069118905,0.7073204464431877,0.8260082376801656,0.9755335961030855,2.405812978744507,4.175899505615234,5.82154655456543,0.84105,0.7034552314809672,0.6940649017047079,0.7156378000797056,0.8401261420675972,0.978195375109429,0.5,0.3,0.0,0.0,0.5,0.5,0.0,0.35,3,254.47120642662048
METR-LA,SCAFFOLD,Byzantine_Noise,45,40,10,7825,0.3,0.35,2.533648729324341,4.436706066131592,6.201860427856445,0.82735,0.693951007581742,0.6829785421652215,0.7073296822928603,0.8247361805307919,0.9753931013675097,2.416487455368042,4.203179359436035,5.8688788414001465,0.84065,0.7023114833124909,0.6909105345295521,0.7169287842032194,0.8388329355601796,0.978039191097297,0.5,0.3,0.0,0.0,0.5,0.5,0.0,0.35,3,253.76373410224915
METR-LA,SCAFFOLD,Byzantine_Noise,46,40,10,7825,0.3,0.35,2.531825542449951,4.414495468139648,6.1594557762146,0.82715,0.6980740272646037,0.6905477028164024,0.7070763860904485,0.8260612961564133,0.9755554298035396,2.4167520999908447,4.180344581604004,5.826705455780029,0.8403,0.7025507522273464,0.6944669237327127,0.7131726108523814,0.8397206191056155,0.9782229712063487,0.5,0.3,0.0,0.0,0.5,0.5,0.0,0.35,3,254.0301673412323
METR-LA,SCAFFOLD,Byzantine_Noise,47,40,10,7825,0.3,0.35,2.528369665145874,4.427660942077637,6.137475967407227,0.82725,0.6958493631899371,0.687940582953298,0.7050703754310639,0.8257289805530273,0.9754449312663761,2.4115419387817383,4.191872596740723,5.795992851257324,0.83985,0.7021266119648227,0.6939275132834114,0.7125155595577379,0.838971845501845,0.9780950945402529,0.5,0.3,0.0,0.0,0.5,0.5,0.0,0.35,3,254.41074514389038
METR-LA,FLTrust,Byzantine_Noise,42,40,10,7825,0.3,0.35,2.5295677185058594,4.462183475494385,6.291016101837158,0.8304,0.6923167968698208,0.685739662767509,0.6995347288776305,0.8283584573237708,0.9741828061583947,2.4134721755981445,4.271773815155029,6.038627624511719,0.84455,0.7007990180201426,0.692926641085431,0.7099170781747036,0.8429624953370399,0.9767332289621751,0.6190476190476191,0.19105789548719276,1.0,1.0,0.01471595951755132,0.008109851623885334,0.006606107893665987,0.35,3,271.5306148529053
METR-LA,FLTrust,Byzantine_Noise,43,40,10,7825,0.3,0.35,2.5608956813812256,4.474886417388916,6.222934722900391,0.8338,0.6964658195808141,0.680013294424354,0.7159465279888286,0.8283494921006844,0.9741457464504698,2.4445908069610596,4.221129417419434,5.9159393310546875,0.8467,0.7031510964660329,0.6872264554352391,0.7221323703440252,0.8425564198421176,0.9771800005044202,0.5476190476190477,0.20946301935524647,1.0,1.0,0.013078072199797524,0.008085477476318678,0.004992594723478846,0.35,3,272.667307138443
METR-LA,FLTrust,Byzantine_Noise,44,40,10,7825,0.3,0.35,2.5098462104797363,4.472960472106934,6.135396480560303,0.8295,0.6947154487819348,0.6845836971868586,0.7061548158375379,0.8274274726776842,0.9736026385196088,2.402332305908203,4.246666431427002,5.8552069664001465,0.8442,0.6985923593393149,0.6892606389569953,0.7103892190032862,0.8426388486710431,0.9766953837774385,0.7857142857142857,0.10167564117042587,1.0,1.0,0.0297080799604633,0.007845761564870676,0.021862318395592627,0.35,3,272.52828311920166
METR-LA,FLTrust,Byzantine_Noise,45,40,10,7825,0.3,0.35,2.683950662612915,4.589572906494141,6.788841724395752,0.82015,0.6818719163455347,0.6720664702673494,0.7007393579763936,0.821117033410763,0.9716578912130693,2.5925180912017822,4.402102470397949,6.59353494644165,0.8333,0.6836655650175004,0.6782330046296464,0.7008815614929459,0.834922488769517,0.9750855434728021,0.33333333333333337,0.3149437316532255,1.0,1.0,0.008485245851001568,0.009102233375112215,-0.0006169875241106466,0.35,3,272.0870327949524
METR-LA,FLTrust,Byzantine_Noise,46,40,10,7825,0.3,0.35,2.488990306854248,4.400147438049316,5.9961256980896,0.8316,0.6916009111440797,0.678836522524982,0.7065926473123036,0.8265858531134977,0.974402377305492,2.375044584274292,4.201692581176758,5.728179931640625,0.8459,0.7000274210861395,0.686584573689583,0.71601589328476,0.8416658205894979,0.9768218154926671,0.6190476190476191,0.14141663487504022,1.0,1.0,0.011432590428739786,0.004393791779875755,0.007038798648864031,0.35,3,274.0404131412506
METR-LA,FLTrust,Byzantine_Noise,47,40,10,7825,0.3,0.35,2.694225549697876,4.84006404876709,6.746891021728516,0.831,0.6882074207344234,0.6726800277735958,0.7071558801729354,0.8246638534432812,0.9713009508386823,2.5634894371032715,4.594119071960449,6.534972190856934,0.84325,0.6902625457369658,0.6764660170376465,0.7066728164970111,0.8380539486831583,0.9746233899880369,0.6190476190476191,0.011960066112988743,1.0,1.0,0.009741953108459711,0.0002751578382837276,0.009466795270175984,0.35,3,273.8319776058197
METR-LA,Multi-Krum,Byzantine_Noise,42,40,10,7825,0.3,0.35,2.4536192417144775,4.3850789070129395,6.086906909942627,0.83355,0.7014928737254077,0.6891145242466188,0.7155847523666217,0.8302491218087327,0.9750646131547929,2.351205825805664,4.177034854888916,5.844991207122803,0.84755,0.7050135312504799,0.6924776028876,0.7204100422686421,0.8450761893903674,0.9774443730210995,1.0,0.0,1.0,0.14285714285714285,0.6666666666666666,0.11111111111111112,0.5555555555555555,0.35,3,247.14911007881165
METR-LA,Multi-Krum,Byzantine_Noise,43,40,10,7825,0.3,0.35,2.4455626010894775,4.399306774139404,5.945324420928955,0.8346,0.7006511247901429,0.6882859460886743,0.714203243305473,0.8312838167747962,0.9744956576121162,2.3180668354034424,4.14307165145874,5.604562759399414,0.8489,0.7067404964938684,0.6939889144574213,0.721280329345568,0.8464532821135851,0.9775719479189648,1.0,0.0,1.0,0.14285714285714285,0.6666666666666667,0.11111111111111112,0.5555555555555556,0.35,3,247.88536095619202
METR-LA,Multi-Krum,Byzantine_Noise,44,40,10,7825,0.3,0.35,2.4487133026123047,4.372476577758789,6.085018634796143,0.8333,0.6987408372232952,0.6831949822116592,0.7170085808315307,0.8301751459209523,0.9747566939608638,2.342054843902588,4.140253067016602,5.811239242553711,0.8469,0.7011326426498655,0.6868720375397237,0.719124995772326,0.8445589538255092,0.9774046434393986,1.0,0.0,1.0,0.14285714285714285,0.6666666666666666,0.11111111111111112,0.5555555555555555,0.35,3,248.36138939857483
METR-LA,Multi-Krum,Byzantine_Noise,45,40,10,7825,0.3,0.35,2.463606595993042,4.456306457519531,6.086061477661133,0.833,0.6931349180924892,0.6781127886169285,0.7107893145889203,0.8292477294191829,0.9736028574092103,2.3270504474639893,4.172158241271973,5.758742809295654,0.84935,0.7058813190967361,0.6905271375900376,0.725111169576675,0.8465021361780065,0.9770607198165921,1.0,0.0,1.0,0.14285714285714285,0.6666666666666666,0.11111111111111112,0.5555555555555555,0.35,3,248.70436930656433
METR-LA,Multi-Krum,Byzantine_Noise,46,40,10,7825,0.3,0.35,2.4406094551086426,4.362294673919678,5.9147820472717285,0.83385,0.7007364828959197,0.6898129090101189,0.7127690903158845,0.8309687147831984,0.9751319776975993,2.333437204360962,4.136293888092041,5.682983875274658,0.84665,0.7055058402263317,0.6947168453032699,0.7182744222574808,0.8443808508014248,0.9776326831670145,1.0,0.0,1.0,0.14285714285714285,0.6666666666666667,0.11111111111111112,0.5555555555555556,0.35,3,248.635582447052
METR-LA,Multi-Krum,Byzantine_Noise,47,40,10,7825,0.3,0.35,2.4427547454833984,4.404302597045898,5.994537830352783,0.8356,0.7041826741453654,0.6906423175759071,0.7194727116716916,0.8317408448166205,0.974387863834371,2.326244592666626,4.1528544425964355,5.6605353355407715,0.84935,0.7091323971178383,0.6954464295930075,0.725352736166502,0.8463955413230804,0.977207952801157,1.0,0.0,1.0,0.14285714285714285,0.6666666666666667,0.11111111111111112,0.5555555555555556,0.35,3,248.52404618263245
METR-LA,Static-Mamdani-FL,Byzantine_Noise,42,40,10,7825,0.3,0.35,2.7060248851776123,4.4913129806518555,6.697143077850342,0.82145,0.6735364225906446,0.6517987902010142,0.7013006173202453,0.8168567085050338,0.9733260164137179,2.623936653137207,4.2975687980651855,6.565419673919678,0.83785,0.6853807448182067,0.662544220290591,0.7165832249860322,0.8332273730961927,0.9761735840931935,1.0,0.1490404395628466,0.6666666666666666,0.0,0.7898031638983433,0.32276828548133535,0.4670348784170079,0.35,3,250.7439649105072
METR-LA,Static-Mamdani-FL,Byzantine_Noise,43,40,10,7825,0.3,0.35,3.1172897815704346,4.873133182525635,7.5492167472839355,0.82315,0.6693565784328803,0.6447538842686293,0.7056310365241979,0.8146978919888931,0.9736394441033608,3.051393747329712,4.660371780395508,7.347658157348633,0.8362,0.6739253992414095,0.649809763956295,0.7142338588259081,0.828210148473668,0.9768269836993309,1.0,0.15977143963068324,0.3333333333333333,0.0,0.7790167824028942,0.3456410437353135,0.43337573866758067,0.35,3,249.984632730484
METR-LA,Static-Mamdani-FL,Byzantine_Noise,44,40,10,7825,0.3,0.35,2.6659998893737793,4.494231224060059,6.325789451599121,0.8279,0.695182515557007,0.6860935160248385,0.7050929818624653,0.8272513713444548,0.9732327086072537,2.577085256576538,4.2377214431762695,6.0547919273376465,0.8433,0.7012719682205912,0.6929939026689087,0.7117972156590435,0.8436045939759242,0.9763721736000699,1.0,0.1577149892163435,0.3333333333333333,0.0,0.8167315760246991,0.35683712377388166,0.4598944522508175,0.35,3,250.1889672279358
METR-LA,Static-Mamdani-FL,Byzantine_Noise,45,40,10,7825,0.3,0.35,2.8686883449554443,4.604478359222412,6.605038642883301,0.81015,0.6932513380263163,0.7010222546586664,0.6880870185770724,0.8155809812307613,0.9717358689014965,2.777930974960327,4.307723045349121,6.3077287673950195,0.82305,0.7013368717349324,0.7107276199853424,0.6953140927541093,0.8289738698162273,0.9757221693204796,1.0,0.14595907289413418,1.0,0.0,0.7529503420950716,0.3002586537546826,0.45269168834038903,0.35,3,251.11862635612488
METR-LA,Static-Mamdani-FL,Byzantine_Noise,46,40,10,7825,0.3,0.35,3.285045623779297,5.100918769836426,7.667367935180664,0.8081,0.6381487887336227,0.604482893776819,0.6954158345340413,0.7875072087342655,0.9721965240516619,3.1729629039764404,4.867758274078369,7.418095111846924,0.82635,0.6491533455438223,0.6143842731784662,0.7092531630254244,0.807938134193067,0.9749186856305408,1.0,0.14668176780730313,0.6666666666666666,0.0,0.8232778050021546,0.3302085415689462,0.49306926343320845,0.35,3,249.8275170326233
METR-LA,Static-Mamdani-FL,Byzantine_Noise,47,40,10,7825,0.3,0.35,2.681683301925659,4.63169002532959,7.248575210571289,0.8229,0.6519400851310653,0.6257372748638355,0.7074206015189326,0.8157827433019589,0.9748752146260296,2.5915613174438477,4.46191930770874,7.0714192390441895,0.8375,0.6574012082443944,0.6342047654439497,0.7109881626050459,0.8316905726483416,0.9774685801970583,1.0,0.16601557601256312,0.6666666666666666,0.0,0.7554848530681202,0.35090814092922823,0.40457671213889196,0.35,3,250.7104365825653
METR-LA,ZeroTrust-ANFIS-FL,Byzantine_Noise,42,40,10,7825,0.3,0.35,2.446674108505249,4.384832859039307,6.101767063140869,0.8342,0.7018844357658889,0.6899770854423224,0.7153627906693075,0.8312709400714436,0.9749706569659913,2.34904146194458,4.186944961547852,5.8606414794921875,0.8486,0.7085765816404812,0.6959280871671948,0.7239285696106863,0.8464984967481576,0.9774060555715942,1.0,0.0,1.0,0.0,0.6876170204239094,0.20915936050235104,0.4784576599215583,0.45617331291700025,3,252.9657211303711
METR-LA,ZeroTrust-ANFIS-FL,Byzantine_Noise,43,40,10,7825,0.3,0.35,2.451953887939453,4.391625881195068,6.052900314331055,0.8359,0.7019588798103668,0.6849827541014092,0.7215280798514283,0.8318479339195143,0.9745821020989934,2.331084966659546,4.149545192718506,5.747883319854736,0.84785,0.7033363679665234,0.6870176857545693,0.7234400526379734,0.844798892609106,0.977428679972076,1.0,0.0,1.0,0.0,0.691399085572768,0.21128889758226713,0.48011018799050087,0.4529079240098508,3,251.08211994171143
METR-LA,ZeroTrust-ANFIS-FL,Byzantine_Noise,44,40,10,7825,0.3,0.35,2.4473893642425537,4.375633716583252,6.070872783660889,0.8339,0.698166457474857,0.6811050944598136,0.7182460440021943,0.8301373424510399,0.9750152603211348,2.3427963256835938,4.155212879180908,5.81690788269043,0.84725,0.7019871026641069,0.6859848764731953,0.7222736185614489,0.8443238604029845,0.9775354910479521,1.0,0.0,1.0,0.0,0.6892073175655848,0.2216888380144071,0.46751847955117776,0.47462606012826447,3,250.59758281707764
METR-LA,ZeroTrust-ANFIS-FL,Byzantine_Noise,45,40,10,7825,0.3,0.35,2.452662467956543,4.440195560455322,6.072803020477295,0.83575,0.6997847980921146,0.6831962834463052,0.7195946403450003,0.8318019618727117,0.9738557682798951,2.3136675357818604,4.13435173034668,5.690558433532715,0.84875,0.7068845177313798,0.6915612480221706,0.7262839827174307,0.8457809918145154,0.9774302549225643,1.0,0.0,1.0,0.0,0.6884526894359031,0.19663171321100817,0.49182097622489496,0.44909192099278256,3,249.9735827445984
METR-LA,ZeroTrust-ANFIS-FL,Byzantine_Noise,46,40,10,7825,0.3,0.35,2.451167583465576,4.371747970581055,6.022251605987549,0.8323,0.6955276946833214,0.6816223151419802,0.7116380623770956,0.8290099096636404,0.9750003621788449,2.33351469039917,4.12617826461792,5.771980285644531,0.84585,0.7016927093896267,0.6890139867577713,0.7176438273653271,0.8435242132174142,0.9778233232463642,1.0,0.0,1.0,0.0,0.6878969899138756,0.20694242710069163,0.48095456281318394,0.4503683990347305,3,249.67214632034302
METR-LA,ZeroTrust-ANFIS-FL,Byzantine_Noise,47,40,10,7825,0.3,0.35,2.4535317420959473,4.403642177581787,6.14687442779541,0.8334,0.6985259354622898,0.6804621112757521,0.7207860320706818,0.8295058623941585,0.9741459164112652,2.3469395637512207,4.162723541259766,5.866519927978516,0.8471,0.6982683600260111,0.6816373200606066,0.7209728318990879,0.844088400964085,0.97732248006787,1.0,0.0,1.0,0.0,0.6955900018187658,0.19824552391885308,0.49734447789991276,0.4468628689756701,3,249.93451380729675
METR-LA,FedAvg,Label_Flipping,42,40,10,7825,0.3,0.35,4.322015762329102,6.085772514343262,11.593850135803223,0.72155,0.4918639610873541,0.5085201462519888,0.6315822327979366,0.7280165355299082,0.9618034710264254,4.364193916320801,6.052353858947754,11.839643478393555,0.73505,0.497327103342727,0.522304456921497,0.6298859374348929,0.7424626494803253,0.9662738096800105,0.5,0.3,0.0,0.0,0.5,0.5,0.0,0.35,3,248.47470784187317
METR-LA,FedAvg,Label_Flipping,43,40,10,7825,0.3,0.35,4.16743278503418,5.858631610870361,10.742294311523438,0.72835,0.5435379881237592,0.5481722169296785,0.6449218383937747,0.739431338574499,0.9590975803102837,4.206892013549805,5.828132629394531,10.948051452636719,0.7414,0.55019592982067,0.5607166844824716,0.64483375727634,0.7538522790130144,0.9644780015464037,0.5,0.3,0.0,0.0,0.5,0.5,0.0,0.35,3,248.2029254436493
METR-LA,FedAvg,Label_Flipping,44,40,10,7825,0.3,0.35,4.209317684173584,5.832991600036621,10.923664093017578,0.72395,0.5320547281412412,0.5372488671337642,0.6345679225808205,0.7357817084365914,0.9637683828602,4.234307765960693,5.791281223297119,11.102606773376465,0.74035,0.5421964874372525,0.5520410652901208,0.6404883735232444,0.7530978306256311,0.9680697682806151,0.5,0.3,0.0,0.0,0.5,0.5,0.0,0.35,3,248.21656489372253
METR-LA,FedAvg,Label_Flipping,45,40,10,7825,0.3,0.35,4.900644302368164,7.5878143310546875,14.082630157470703,0.6805,0.4449016608944102,0.45323514254900027,0.5975393849187509,0.6903310844415687,0.8964034311903255,5.05341100692749,7.863993167877197,14.837980270385742,0.69415,0.4490115767131847,0.4625476593952326,0.5948453067259787,0.7050044813509576,0.8843967288563286,0.5,0.3,0.0,0.0,0.5,0.5,0.0,0.35,3,248.34666466712952
METR-LA,FedAvg,Label_Flipping,46,40,10,7825,0.3,0.35,4.504939079284668,7.03027868270874,12.549638748168945,0.71425,0.5078307504876316,0.5068089858796145,0.6282651375055786,0.7226535108617008,0.9258860169175251,4.57968807220459,7.090865135192871,12.91814136505127,0.72705,0.5091529629458842,0.5139326973876387,0.6234881536886503,0.7366267251964851,0.9228605083173242,0.5,0.3,0.0,0.0,0.5,0.5,0.0,0.35,3,249.34623765945435
METR-LA,FedAvg,Label_Flipping,47,40,10,7825,0.3,0.35,4.754945278167725,6.808862686157227,13.48717212677002,0.6887,0.3521120874925773,0.37384328727449523,0.5417425080037821,0.6870370421486667,0.961478813692324,4.805159568786621,6.814548969268799,13.828688621520996,0.70505,0.3566355772714459,0.3829644341632572,0.5390294350051452,0.7057517672191314,0.965596563003943,0.5,0.3,0.0,0.0,0.5,0.5,0.0,0.35,3,249.50987577438354
METR-LA,FedProx,Label_Flipping,42,40,10,7825,0.3,0.35,4.823275089263916,7.046400547027588,14.24217414855957,0.68895,0.3475615464579295,0.38210943415065124,0.33661894214447985,0.6894154047005288,0.9668994671778488,4.89787483215332,7.110260486602783,14.711488723754883,0.70035,0.3440046859096794,0.3834380933749067,0.32877460210943815,0.7027198049782181,0.9702250531006263,0.5,0.3,0.0,0.0,0.5,0.5,0.0,0.35,3,399.6264581680298
METR-LA,FedProx,Label_Flipping,43,40,10,7825,0.3,0.35,5.208420276641846,7.730695724487305,15.667607307434082,0.67215,0.3158941542946033,0.3568955163542045,0.30685841070737824,0.6720405278939654,0.9621848092004119,5.274035930633545,7.770444869995117,16.128856658935547,0.68385,0.31444187721996586,0.3587668541073495,0.3010094802882512,0.6867209333943891,0.9662766764568773,0.5,0.3,0.0,0.0,0.5,0.5,0.0,0.35,3,397.1630585193634
METR-LA,FedProx,Label_Flipping,44,40,10,7825,0.3,0.35,5.163968563079834,7.25568151473999,14.714756965637207,0.6469,0.3430530321236129,0.38936067805692814,0.33764534834224225,0.6571534816826541,0.9621880853220167,5.250418186187744,7.296934127807617,15.129905700683594,0.65825,0.33914062123801425,0.3912921090655825,0.3289135437650855,0.6709228823620376,0.9662850581214,0.5,0.3,0.0,0.0,0.5,0.5,0.0,0.35,3,397.2614517211914
METR-LA,FedProx,Label_Flipping,45,40,10,7825,0.3,0.35,5.404120922088623,7.706698894500732,15.639948844909668,0.6372,0.30820872246692776,0.35122998370033437,0.30278615461961245,0.6451387589334521,0.9569093069357131,5.494173049926758,7.755496501922607,16.101896286010742,0.647,0.30609244310304123,0.3538890328564731,0.29723079572442257,0.6584805950426109,0.9610807859106114,0.5,0.3,0.0,0.0,0.5,0.5,0.0,0.35,3,397.8541750907898
METR-LA,FedProx,Label_Flipping,46,40,10,7825,0.3,0.35,4.986387252807617,7.168150901794434,14.498291969299316,0.67235,0.34782500196372246,0.3870761017185374,0.33920553270417075,0.6768649566469788,0.9633803147084431,5.072857856750488,7.224342346191406,14.95114517211914,0.6818,0.34278696724762264,0.3876548063792314,0.3295279663826398,0.6889443202091846,0.9672076080797855,0.5,0.3,0.0,0.0,0.5,0.5,0.0,0.35,3,399.45240473747253
METR-LA,FedProx,Label_Flipping,47,40,10,7825,0.3,0.35,5.1057281494140625,7.333670616149902,14.837079048156738,0.6634,0.333940400448038,0.37053642109015633,0.32674272687980227,0.6678319673416265,0.9601368211347295,5.198519706726074,7.390171051025391,15.2924165725708,0.6729,0.3300857499319306,0.3721562589498518,0.31846410115714663,0.680162531208716,0.9641003497459877,0.5,0.3,0.0,0.0,0.5,0.5,0.0,0.35,3,398.5501272678375
METR-LA,SCAFFOLD,Label_Flipping,42,40,10,7825,0.3,0.35,2.675090789794922,4.667219638824463,6.637149333953857,0.8304,0.69585964743898,0.6823169197962506,0.711668256116701,0.826520791704377,0.9734853566991453,2.57800555229187,4.518348693847656,6.362534523010254,0.8425,0.6994464760045991,0.6842649121032512,0.7173599347746468,0.8389351759172535,0.9761097997340937,0.5,0.3,0.0,0.0,0.5,0.5,0.0,0.35,3,253.61317896842957
METR-LA,SCAFFOLD,Label_Flipping,43,40,10,7825,0.3,0.35,2.613922119140625,4.626289367675781,7.09208869934082,0.82505,0.6745926980668655,0.6534781711432238,0.7116943622845117,0.8227069468397125,0.9733827151694951,2.513197183609009,4.414021968841553,6.826091766357422,0.8402,0.6819227909354172,0.6627738959316894,0.7186053624416779,0.8383150691577693,0.9770925744599643,0.5,0.3,0.0,0.0,0.5,0.5,0.0,0.35,3,252.67527770996094
METR-LA,SCAFFOLD,Label_Flipping,44,40,10,7825,0.3,0.35,2.52253794670105,4.578385353088379,6.436222076416016,0.8308,0.6940156622059918,0.677190201731816,0.7142978153506966,0.8281066081858178,0.9728439239037052,2.398707389831543,4.325940132141113,6.042481422424316,0.8433,0.6950613697362249,0.6782701837358797,0.7161959171353035,0.8409928598237814,0.9766344368597997,0.5,0.3,0.0,0.0,0.5,0.5,0.0,0.35,3,252.24371314048767
METR-LA,SCAFFOLD,Label_Flipping,45,40,10,7825,0.3,0.35,2.586327075958252,4.665538311004639,6.694808483123779,0.8276,0.6836546920937061,0.66171050507927,0.7126088946874053,0.8238307833212304,0.9717636713246959,2.462993621826172,4.412746906280518,6.30781364440918,0.8426,0.6869899487884615,0.6651180851860292,0.7168833494849977,0.8390427115734481,0.9759726769866133,0.5,0.3,0.0,0.0,0.5,0.5,0.0,0.35,3,252.2460014820099
METR-LA,SCAFFOLD,Label_Flipping,46,40,10,7825,0.3,0.35,2.603614568710327,4.680194854736328,6.985674858093262,0.8267,0.6775953032786075,0.6542997406360833,0.7120896666775478,0.8229081153931785,0.9724393800541989,2.4995365142822266,4.45767879486084,6.694816589355469,0.84135,0.6847914153673058,0.663223164190726,0.7194475518108944,0.8382504691667798,0.9763532841730285,0.5,0.3,0.0,0.0,0.5,0.5,0.0,0.35,3,251.98257756233215
METR-LA,SCAFFOLD,Label_Flipping,47,40,10,7825,0.3,0.35,2.611546754837036,4.682867527008057,6.998168468475342,0.8264,0.6775715225581328,0.6542862065503438,0.7128461279641638,0.8223223664376548,0.9726840965933139,2.503446340560913,4.464091777801514,6.695347785949707,0.84105,0.6847087254149995,0.6632466566099673,0.7199851583419377,0.8377844764048911,0.9764828971083502,0.5,0.3,0.0,0.0,0.5,0.5,0.0,0.35,3,252.6528718471527
METR-LA,FLTrust,Label_Flipping,42,40,10,7825,0.3,0.35,7.502714157104492,10.668426513671875,21.890710830688477,0.46725,0.21517699417877778,0.2675588291420984,0.27550036333266,0.48631130960896496,0.8608872367866737,7.683613300323486,10.876273155212402,22.885162353515625,0.46825,0.20859928894756496,0.2648057214910101,0.2516568170185356,0.4946021658356998,0.8564166527974362,0.09523809523809526,0.5850339140853854,1.0,1.0,0.018894452476940517,0.06215549757083257,-0.04326104509389206,0.35,3,273.192697763443
METR-LA,FLTrust,Label_Flipping,43,40,10,7825,0.3,0.35,3.6165120601654053,5.433971881866455,10.215785026550293,0.7739,0.5292908377196952,0.538669778099454,0.65653072752055,0.7733125963234962,0.9720468552768927,3.6187117099761963,5.380059719085693,10.419397354125977,0.7863,0.5269124723945542,0.5436995843810892,0.6486655323787808,0.7858675050199941,0.9756590778591455,0.6428571428571428,0.22686341608417468,1.0,1.0,0.032602960243821144,0.022322461009025574,0.01028049923479557,0.35,3,273.24757742881775
METR-LA,FLTrust,Label_Flipping,44,40,10,7825,0.3,0.35,2.527520179748535,4.574278831481934,6.337396621704102,0.8318,0.6917990262657912,0.6766232848034653,0.7089031143898714,0.8276718304481674,0.9730948519280049,2.405818462371826,4.291964054107666,5.9698991775512695,0.8448,0.6956004150617561,0.6817301411195482,0.7117247732472933,0.8415761589629177,0.9761811994017522,0.9285714285714286,0.0,1.0,1.0,0.019473166005419835,0.0,0.019473166005419835,0.35,3,272.7301495075226
METR-LA,FLTrust,Label_Flipping,45,40,10,7825,0.3,0.35,2.6426284313201904,4.630518913269043,6.357041835784912,0.8311,0.6886401262029335,0.6844341570181331,0.6986164897773472,0.8252354838810035,0.9745559053244596,2.5047554969787598,4.3452324867248535,6.051491737365723,0.8446,0.6944160679567827,0.6876960182075772,0.7039240357448697,0.8399378215647121,0.9776127952542415,1.0,0.0,1.0,1.0,0.1241503113082477,0.0,0.1241503113082477,0.35,3,273.21962237358093
METR-LA,FLTrust,Label_Flipping,46,40,10,7825,0.3,0.35,3.8792881965637207,5.634835243225098,10.751256942749023,0.75605,0.5066673619445485,0.5178744130255967,0.6373910489215131,0.755894453969549,0.9691818145084643,3.9049534797668457,5.591783046722412,10.963319778442383,0.7713,0.5124703139644536,0.5293800555901979,0.6393083639876534,0.7718030474806712,0.9724838469171307,0.42857142857142855,0.28563272846839644,1.0,1.0,0.014859320728906564,0.01386315810183684,0.0009961626270697244,0.35,3,272.27081751823425
METR-LA,FLTrust,Label_Flipping,47,40,10,7825,0.3,0.35,3.374404191970825,5.1123199462890625,8.972050666809082,0.79035,0.6007684472868969,0.5949438579265407,0.6747437798853004,0.7930508338523671,0.9710622765200927,3.3646085262298584,4.992394924163818,8.98155403137207,0.80665,0.6179589793644049,0.6174349387612975,0.6806178434506949,0.8104664688962749,0.974552783735521,0.5476190476190477,0.1576575602715281,1.0,1.0,0.024389829885746752,0.01065152200559775,0.013738307880149002,0.35,3,274.04761385917664
METR-LA,Multi-Krum,Label_Flipping,42,40,10,7825,0.3,0.35,2.4536192417144775,4.3850789070129395,6.086906909942627,0.83355,0.7014928737254077,0.6891145242466188,0.7155847523666217,0.8302491218087327,0.9750646131547929,2.351205825805664,4.177034854888916,5.844991207122803,0.84755,0.7050135312504799,0.6924776028876,0.7204100422686421,0.8450761893903674,0.9774443730210995,1.0,0.0,1.0,0.14285714285714285,0.6666666666666666,0.11111111111111112,0.5555555555555555,0.35,3,248.089604139328
METR-LA,Multi-Krum,Label_Flipping,43,40,10,7825,0.3,0.35,2.4455626010894775,4.399306774139404,5.945324420928955,0.8346,0.7006511247901429,0.6882859460886743,0.714203243305473,0.8312838167747962,0.9744956576121162,2.3180668354034424,4.14307165145874,5.604562759399414,0.8489,0.7067404964938684,0.6939889144574213,0.721280329345568,0.8464532821135851,0.9775719479189648,1.0,0.0,1.0,0.14285714285714285,0.6666666666666667,0.11111111111111112,0.5555555555555556,0.35,3,247.51955270767212
METR-LA,Multi-Krum,Label_Flipping,44,40,10,7825,0.3,0.35,2.4487133026123047,4.372476577758789,6.085018634796143,0.8333,0.6987408372232952,0.6831949822116592,0.7170085808315307,0.8301751459209523,0.9747566939608638,2.342054843902588,4.140253067016602,5.811239242553711,0.8469,0.7011326426498655,0.6868720375397237,0.719124995772326,0.8445589538255092,0.9774046434393986,1.0,0.0,1.0,0.14285714285714285,0.6666666666666666,0.11111111111111112,0.5555555555555555,0.35,3,247.76856350898743
METR-LA,Multi-Krum,Label_Flipping,45,40,10,7825,0.3,0.35,2.463606595993042,4.456306457519531,6.086061477661133,0.833,0.6931349180924892,0.6781127886169285,0.7107893145889203,0.8292477294191829,0.9736028574092103,2.3270504474639893,4.172158241271973,5.758742809295654,0.84935,0.7058813190967361,0.6905271375900376,0.725111169576675,0.8465021361780065,0.9770607198165921,1.0,0.0,1.0,0.14285714285714285,0.6666666666666666,0.11111111111111112,0.5555555555555555,0.35,3,247.95004057884216
METR-LA,Multi-Krum,Label_Flipping,46,40,10,7825,0.3,0.35,2.4406094551086426,4.362294673919678,5.9147820472717285,0.83385,0.7007364828959197,0.6898129090101189,0.7127690903158845,0.8309687147831984,0.9751319776975993,2.333437204360962,4.136293888092041,5.682983875274658,0.84665,0.7055058402263317,0.6947168453032699,0.7182744222574808,0.8443808508014248,0.9776326831670145,1.0,0.0,1.0,0.14285714285714285,0.6666666666666667,0.11111111111111112,0.5555555555555556,0.35,3,247.401437997818
METR-LA,Multi-Krum,Label_Flipping,47,40,10,7825,0.3,0.35,2.4427547454833984,4.404302597045898,5.994537830352783,0.8356,0.7041826741453654,0.6906423175759071,0.7194727116716916,0.8317408448166205,0.974387863834371,2.326244592666626,4.1528544425964355,5.6605353355407715,0.84935,0.7091323971178383,0.6954464295930075,0.725352736166502,0.8463955413230804,0.977207952801157,1.0,0.0,1.0,0.14285714285714285,0.6666666666666667,0.11111111111111112,0.5555555555555556,0.35,3,248.0573251247406
METR-LA,Static-Mamdani-FL,Label_Flipping,42,40,10,7825,0.3,0.35,3.5740270614624023,5.1955742835998535,9.474227905273438,0.77485,0.5735907143461152,0.5700770276570182,0.6647642559459672,0.7777801319635707,0.9715193884765448,3.60530948638916,5.178578853607178,9.716903686523438,0.79145,0.5846016933791258,0.5867736305609526,0.6707524041527123,0.79473330724926,0.9741978666723612,1.0,0.20526238016315984,0.0,0.0,0.7927597146657985,0.4777535768103507,0.31500613785544784,0.35,3,250.12346816062927
METR-LA,Static-Mamdani-FL,Label_Flipping,43,40,10,7825,0.3,0.35,3.6768696308135986,5.428526878356934,9.915729522705078,0.77295,0.5689027265806186,0.5623806142300557,0.6614806480838455,0.7759822274748223,0.9686444204172837,3.671137809753418,5.332727432250977,10.019021034240723,0.7906,0.5752655386018962,0.5744698495256066,0.6643209941457715,0.7932817021666124,0.9731652725403512,1.0,0.20708725186768906,0.0,0.0,0.7768391353602186,0.47340827619334486,0.3034308591668738,0.35,3,251.73830008506775
METR-LA,Static-Mamdani-FL,Label_Flipping,44,40,10,7825,0.3,0.35,3.485297203063965,5.321884632110596,9.531743049621582,0.78715,0.5756548704979123,0.5631522591334386,0.6617814338254538,0.7872520528782335,0.968349306220556,3.4566304683685303,5.1790313720703125,9.545782089233398,0.8025,0.5822726473780345,0.5741728727895639,0.6672778683015743,0.8027924938147514,0.973577812970227,1.0,0.20906207824181958,0.0,0.0,0.7812831028015912,0.48185689955997657,0.2994262032416146,0.35,3,251.5530571937561
METR-LA,Static-Mamdani-FL,Label_Flipping,45,40,10,7825,0.3,0.35,3.7878899574279785,5.383764266967773,9.802613258361816,0.7638,0.5727539234705423,0.5657812901218003,0.6602076496716107,0.7695250556696598,0.9697593979479449,3.817059278488159,5.317586421966553,9.959526062011719,0.7772,0.5773176039209058,0.5755333521205713,0.6546458288795548,0.7836379925142828,0.9729373937276966,1.0,0.21377812268639165,0.0,0.0,0.7358735277856565,0.4668722917823209,0.2690012360033356,0.35,3,252.79737544059753
METR-LA,Static-Mamdani-FL,Label_Flipping,46,40,10,7825,0.3,0.35,3.5120468139648438,5.088335990905762,8.960439682006836,0.7817,0.6153637811940602,0.6054308433013699,0.6789418889845866,0.786726699415057,0.9704156293803263,3.5103089809417725,4.970419406890869,9.017428398132324,0.7991,0.6239828940036624,0.6201047016041377,0.6821264178393346,0.8048067723096345,0.9743355861788644,1.0,0.2006992567397435,0.0,0.0,0.8155936837051989,0.4778440541145823,0.3377496295906166,0.35,3,250.1986587047577
METR-LA,Static-Mamdani-FL,Label_Flipping,47,40,10,7825,0.3,0.35,3.727933645248413,5.42532205581665,10.096959114074707,0.7668,0.5371135743249608,0.5360298919204937,0.6525633016575434,0.7670594157317995,0.9700146828856694,3.746920585632324,5.364941120147705,10.327138900756836,0.7848,0.5507113475822438,0.5552571738860841,0.6558133124417919,0.7859145275206388,0.9734751563523117,1.0,0.2144292296075422,0.0,0.0,0.7333431793985333,0.46707079423907066,0.26627238515946267,0.35,3,252.11609530448914
METR-LA,ZeroTrust-ANFIS-FL,Label_Flipping,42,40,10,7825,0.3,0.35,2.448091506958008,4.375246524810791,6.12244176864624,0.8333,0.701144459277275,0.6869053183954809,0.7177804182063177,0.8301424950575637,0.9747631570532389,2.35172176361084,4.162472248077393,5.91948127746582,0.8447,0.7004511178953106,0.6870471914497164,0.7177773148740914,0.8424036125848073,0.977377004256277,1.0,0.0,1.0,0.0,0.6453130393096688,0.3441591101326082,0.3011539291770606,0.4693975445659848,3,249.9850835800171
METR-LA,ZeroTrust-ANFIS-FL,Label_Flipping,43,40,10,7825,0.3,0.35,2.4682586193084717,4.422197341918945,6.047443866729736,0.83285,0.69645372199077,0.6842253831562398,0.7099063799404713,0.8297821944073416,0.9740289092437184,2.3510608673095703,4.18053674697876,5.749176979064941,0.84745,0.705105385193715,0.6932120299618104,0.7189624777005232,0.8451232994440968,0.977321942943247,1.0,0.0,1.0,0.2857142857142857,0.7235636366156328,0.36406792813433825,0.3594957084812946,0.6068588254571112,3,250.03737807273865
METR-LA,ZeroTrust-ANFIS-FL,Label_Flipping,44,40,10,7825,0.3,0.35,2.449333906173706,4.394564151763916,5.989767551422119,0.83535,0.7021334720432677,0.6851001685171407,0.7217794036656314,0.8313035488074827,0.9746571131320894,2.3435444831848145,4.1747660636901855,5.769219398498535,0.8476,0.7025340264957347,0.6875107559654388,0.720907645005785,0.8444650945238487,0.9772108276452814,1.0,0.0,1.0,0.14285714285714285,0.6754134217625589,0.33457782215025217,0.34083559961230675,0.5437834327509407,3,250.20677042007446
METR-LA,ZeroTrust-ANFIS-FL,Label_Flipping,45,40,10,7825,0.3,0.35,2.4616341590881348,4.438797473907471,6.096734523773193,0.8344,0.699379967765786,0.6830249081396864,0.7184274680373227,0.8304780160676968,0.9740944916776837,2.3301703929901123,4.1625213623046875,5.772281646728516,0.84905,0.7067456307902558,0.690984965554996,0.7267616457568422,0.8460649072088668,0.977342633495528,1.0,0.0,1.0,0.0,0.767208975482733,0.3527907989326959,0.41441817655003715,0.5145552857058742,3,249.6742651462555
METR-LA,ZeroTrust-ANFIS-FL,Label_Flipping,46,40,10,7825,0.3,0.35,2.4312868118286133,4.34032678604126,5.936745643615723,0.8333,0.6961639451720159,0.6817089814916726,0.7126358561822076,0.8297089934013196,0.9752566830243744,2.319099187850952,4.111388206481934,5.675350666046143,0.8492,0.7083620396274274,0.6943495735803318,0.725284360984958,0.8464233906500602,0.9777028728566244,1.0,0.0,1.0,0.0,0.6755481300915749,0.3549202373034804,0.3206278927880945,0.46369974550123616,3,250.17472743988037
METR-LA,ZeroTrust-ANFIS-FL,Label_Flipping,47,40,10,7825,0.3,0.35,2.4697203636169434,4.419930934906006,5.978043556213379,0.83285,0.6962177968394816,0.6821618040607167,0.7125516695996478,0.8277658046290975,0.9740713401497565,2.3473265171051025,4.180907726287842,5.698512077331543,0.84585,0.6989748220486222,0.6847458913038429,0.7159437612002234,0.8419860271783282,0.9771941262244939,0.9523809523809524,0.0,1.0,0.2857142857142857,0.6373256017423635,0.3509209864529172,0.28640461528944633,0.5189165995272201,3,249.71151065826416
METR-LA,FedAvg,Sybil_Poisoning,42,40,10,7825,0.3,0.35,3.0918543338775635,5.007340908050537,8.515952110290527,0.78775,0.6142902202452729,0.6239749873910435,0.6736456287166867,0.7929450392260142,0.9723072984408382,3.0225820541381836,4.900275230407715,8.539543151855469,0.80085,0.6182759921673976,0.6347020285859056,0.6706710736335875,0.8070451556483175,0.9754459946114005,0.5,0.3,0.0,0.0,0.5,0.5,0.0,0.35,3,248.12540316581726
METR-LA,FedAvg,Sybil_Poisoning,43,40,10,7825,0.3,0.35,5.103501319885254,6.223402500152588,11.259026527404785,0.5985,0.5514459031020044,0.6025779469346936,0.6122792969819127,0.6379862196578375,0.9696731414148401,5.117981433868408,6.192632675170898,11.379375457763672,0.6143,0.5565309626991539,0.6158725725342382,0.6134342985428749,0.6570359985945022,0.9733638368470388,0.5,0.3,0.0,0.0,0.5,0.5,0.0,0.35,3,248.0734202861786
METR-LA,FedAvg,Sybil_Poisoning,44,40,10,7825,0.3,0.35,3.8517301082611084,5.578910827636719,9.884310722351074,0.73155,0.5866579433756147,0.6089801752734461,0.6574684923463383,0.747375534936271,0.966467822978682,3.885118246078491,5.520658016204834,9.982234001159668,0.74435,0.5891699925913941,0.6194534204611866,0.6522762954785056,0.7616631825905762,0.9711016329711757,0.5,0.3,0.0,0.0,0.5,0.5,0.0,0.35,3,248.88113403320312
METR-LA,FedAvg,Sybil_Poisoning,45,40,10,7825,0.3,0.35,5.295243263244629,6.430680751800537,11.956100463867188,0.572,0.5171355692461843,0.577630215619539,0.6180790769956575,0.6083399184102318,0.9684919556020092,5.358639240264893,6.431305885314941,12.216303825378418,0.58215,0.5170171496351331,0.5865541292479701,0.607641631170023,0.622976855502714,0.972550903201717,0.5,0.3,0.0,0.0,0.5,0.5,0.0,0.35,3,248.19571042060852
METR-LA,FedAvg,Sybil_Poisoning,46,40,10,7825,0.3,0.35,5.114914894104004,6.263126850128174,11.164237976074219,0.5954,0.5627408451787341,0.6137191888724249,0.6191643249095578,0.6331263933339938,0.9692252175949057,5.159751892089844,6.244608402252197,11.282135963439941,0.6075,0.5675787689982865,0.6265261535383312,0.6199532976204892,0.6493304126406746,0.9727701989060669,0.5,0.3,0.0,0.0,0.5,0.5,0.0,0.35,3,249.6300961971283
METR-LA,FedAvg,Sybil_Poisoning,47,40,10,7825,0.3,0.35,5.385429859161377,6.476400852203369,11.671875,0.5599,0.5430900512680445,0.6000018064134084,0.6151913165510571,0.5987230001272063,0.9690157344046599,5.446579456329346,6.477427959442139,11.8505220413208,0.5696,0.545628228073108,0.6098117777071042,0.6116653354103068,0.6140789168469918,0.9723801015879647,0.5,0.3,0.0,0.0,0.5,0.5,0.0,0.35,3,248.33305954933167
METR-LA,FedProx,Sybil_Poisoning,42,40,10,7825,0.3,0.35,4.7695817947387695,6.043345928192139,10.915361404418945,0.63625,0.5372545246770468,0.5913948244554745,0.6033899164271936,0.6719554848010778,0.9719058671576988,4.7266740798950195,5.962437152862549,10.970955848693848,0.6519,0.5369020398688008,0.5982791325935816,0.5966034032568455,0.6897412793448324,0.97459466474042,0.5,0.3,0.0,0.0,0.5,0.5,0.0,0.35,3,395.92830061912537
METR-LA,FedProx,Sybil_Poisoning,43,40,10,7825,0.3,0.35,4.566408634185791,5.795230865478516,10.561288833618164,0.6532,0.5722111670353628,0.6147610393516872,0.6369704299704797,0.6857010336883421,0.9707086665673804,4.545082092285156,5.708743095397949,10.51059627532959,0.6725,0.5795408256608284,0.6293253888445908,0.6352966894264787,0.7062693992004746,0.974164435924002,0.5,0.3,0.0,0.0,0.5,0.5,0.0,0.35,3,395.4450612068176
METR-LA,FedProx,Sybil_Poisoning,44,40,10,7825,0.3,0.35,4.727200031280518,5.9128098487854,10.615180015563965,0.63435,0.5741393917668554,0.6206255288013474,0.6294468067238012,0.6689658462852749,0.9704823096069757,4.756988525390625,5.866268634796143,10.681565284729004,0.64905,0.5803245947478028,0.6334490968981967,0.6283346419620891,0.6866032446865016,0.973792757394246,0.5,0.3,0.0,0.0,0.5,0.5,0.0,0.35,3,395.8629102706909
METR-LA,FedProx,Sybil_Poisoning,45,40,10,7825,0.3,0.35,4.454715728759766,5.625586986541748,9.920169830322266,0.6616,0.5879958128934536,0.6296889565376057,0.6231523872907184,0.6958504939832928,0.9728348865268006,4.391343116760254,5.504008769989014,9.785658836364746,0.6826,0.5989476053282312,0.6479154274677644,0.6266313771901283,0.7177756390514021,0.9759313346901191,0.5,0.3,0.0,0.0,0.5,0.5,0.0,0.35,3,396.8830087184906
METR-LA,FedProx,Sybil_Poisoning,46,40,10,7825,0.3,0.35,4.854829788208008,5.942097187042236,10.591798782348633,0.62455,0.5745272022976571,0.6222853795479948,0.6167578226613323,0.6630570949505006,0.971716693947509,4.826331615447998,5.860079288482666,10.548315048217773,0.63785,0.5755157054335485,0.6296190518001905,0.6132470612317122,0.6793182853411971,0.9746146244843699,0.5,0.3,0.0,0.0,0.5,0.5,0.0,0.35,3,397.8240444660187
METR-LA,FedProx,Sybil_Poisoning,47,40,10,7825,0.3,0.35,4.55739164352417,5.743699073791504,10.3483304977417,0.6538,0.5893346565729797,0.6295273411520107,0.6391568834288768,0.6867884320546411,0.9707007589003227,4.53966760635376,5.667034149169922,10.292835235595703,0.66955,0.5970854172734991,0.6428696456444682,0.641145778789634,0.704504313275944,0.9736661615242435,0.5,0.3,0.0,0.0,0.5,0.5,0.0,0.35,3,397.27824902534485
METR-LA,SCAFFOLD,Sybil_Poisoning,42,40,10,7825,0.3,0.35,2.80230975151062,4.718906402587891,7.069735050201416,0.82465,0.6825702722960029,0.669657239448432,0.7056816478037714,0.8190684951750304,0.9743276508008314,2.696554183959961,4.528659820556641,6.862432479858398,0.8379,0.6878110466673402,0.6758253035376341,0.7108971960938604,0.833182518151926,0.9769377188670761,0.5,0.3,0.0,0.0,0.5,0.5,0.0,0.35,3,253.94066667556763
METR-LA,SCAFFOLD,Sybil_Poisoning,43,40,10,7825,0.3,0.35,2.6295626163482666,4.709802627563477,6.862118244171143,0.82595,0.6857927385463349,0.6743404342054339,0.7044737372725887,0.8246377063476679,0.9732875606359968,2.513622522354126,4.493651866912842,6.563732147216797,0.8379,0.6882375678317669,0.6772132275661369,0.7109082190484713,0.8370470964730261,0.976425893529804,0.5,0.3,0.0,0.0,0.5,0.5,0.0,0.35,3,254.3085539340973
METR-LA,SCAFFOLD,Sybil_Poisoning,44,40,10,7825,0.3,0.35,2.7765772342681885,4.726125240325928,7.372114658355713,0.81865,0.6742020833061828,0.6651659660842485,0.7019752099783011,0.8202952224395891,0.9734804008717011,2.699284315109253,4.544809818267822,7.196394920349121,0.8321,0.6794634981069726,0.6728202538938844,0.7072639326265218,0.8341349751479965,0.9766232010992166,0.5,0.3,0.0,0.0,0.5,0.5,0.0,0.35,3,253.62802982330322
METR-LA,SCAFFOLD,Sybil_Poisoning,45,40,10,7825,0.3,0.35,2.620729446411133,4.725086688995361,6.663383483886719,0.82545,0.6866780377600037,0.6759044017216718,0.7024350641465004,0.8231092664376322,0.9728717299081291,2.497997760772705,4.485098361968994,6.314586162567139,0.83805,0.6898607040701674,0.6795404362224001,0.7070372547678456,0.8363067096432915,0.9762077728212819,0.5,0.3,0.0,0.0,0.5,0.5,0.0,0.35,3,253.04342007637024
METR-LA,SCAFFOLD,Sybil_Poisoning,46,40,10,7825,0.3,0.35,2.7576968669891357,4.8298563957214355,7.058386325836182,0.8255,0.6839003227288922,0.6702330511088456,0.7055881967138786,0.8203738231902302,0.9731664969750681,2.651818037033081,4.632952690124512,6.817861557006836,0.838,0.6886689234654456,0.6751956375833126,0.7103351429164424,0.8334950228901076,0.9761113632083713,0.5,0.3,0.0,0.0,0.5,0.5,0.0,0.35,3,253.7596344947815
METR-LA,SCAFFOLD,Sybil_Poisoning,47,40,10,7825,0.3,0.35,2.8185651302337646,4.749577522277832,7.0410261154174805,0.81385,0.6829706767050858,0.6897526956092568,0.6824860931728755,0.8186832953023506,0.9739218407112089,2.7329506874084473,4.573213577270508,6.848513126373291,0.8281,0.6929488337925283,0.7019158454712782,0.6927529018364956,0.8334130019163069,0.9766460986515774,0.5,0.3,0.0,0.0,0.5,0.5,0.0,0.35,3,253.71193957328796
METR-LA,FLTrust,Sybil_Poisoning,42,40,10,7825,0.3,0.35,3.508394956588745,4.911836624145508,8.51978874206543,0.77,0.6481049639711614,0.6586635741608226,0.6810461802742549,0.7828329207503851,0.9729254928644053,3.511965274810791,4.834666728973389,8.607743263244629,0.78435,0.6562130800411634,0.6725127492861894,0.6859074186357665,0.7980047912622368,0.9764007232594352,0.6190476190476191,0.17480057217477898,1.0,1.0,0.019084159284830093,0.009432650481661161,0.009651508803168932,0.35,3,271.80595874786377
METR-LA,FLTrust,Sybil_Poisoning,43,40,10,7825,0.3,0.35,2.897526502609253,4.781381607055664,6.803027629852295,0.83,0.6840539903324091,0.6680500318712793,0.7109319390342181,0.8190231770799546,0.9744804707320599,2.7884299755096436,4.532135486602783,6.521048545837402,0.84215,0.6842905390953418,0.6650148324767143,0.712133879786142,0.8323889561711432,0.9770845851365644,1.0,0.0,1.0,1.0,0.2027307961668287,0.0,0.2027307961668287,0.35,3,272.26003336906433
METR-LA,FLTrust,Sybil_Poisoning,44,40,10,7825,0.3,0.35,2.880544424057007,4.787065505981445,6.770137786865234,0.83045,0.6892025865672418,0.6742730992946661,0.7130886305469455,0.820727081742235,0.9737602563624546,2.7738828659057617,4.52744197845459,6.539697170257568,0.8433,0.6881429763902324,0.6708034130988375,0.712060244717259,0.8349078218522107,0.9765995120012979,1.0,0.0,1.0,1.0,0.10746054564203535,0.0,0.10746054564203535,0.35,3,271.6282901763916
METR-LA,FLTrust,Sybil_Poisoning,45,40,10,7825,0.3,0.35,5.906487941741943,7.06561279296875,13.238960266113281,0.5167,0.46774061524935473,0.5347208165819821,0.5941847067334161,0.5537789604796293,0.9632424683801533,5.978588104248047,7.08267068862915,13.527575492858887,0.523,0.4639674218284869,0.5420059910542648,0.5872935939332421,0.5651876567449097,0.9676784501450039,0.1904761904761905,0.41379871887408964,1.0,1.0,0.010804913938045502,0.017796740556756657,-0.006991826618711155,0.35,3,273.37315225601196
METR-LA,FLTrust,Sybil_Poisoning,46,40,10,7825,0.3,0.35,5.266847610473633,6.409024238586426,11.343574523925781,0.56955,0.5538160261402025,0.6036203731737207,0.6221069645804314,0.6070946468761975,0.9653412150176091,5.35156774520874,6.425894737243652,11.535911560058594,0.57785,0.5551550943444887,0.6140310102677218,0.6210861084385264,0.6203578059066324,0.9695329683193873,0.33333333333333337,0.39468657382299643,1.0,1.0,0.01998035011014768,0.030398483698566754,-0.010418133588419073,0.35,3,273.50880217552185
METR-LA,FLTrust,Sybil_Poisoning,47,40,10,7825,0.3,0.35,2.4763200283050537,4.444089889526367,6.004916667938232,0.8328,0.6975768624512237,0.6852847232423428,0.7117756103334175,0.8283495068936892,0.9747372703992798,2.3648922443389893,4.178596019744873,5.693109035491943,0.84645,0.7022244341636894,0.6897483608026365,0.7162743896725662,0.8431252372658488,0.9772855979765369,0.9285714285714286,0.0,1.0,1.0,0.035012094769626856,0.0,0.035012094769626856,0.35,3,273.0734384059906
METR-LA,Multi-Krum,Sybil_Poisoning,42,40,10,7825,0.3,0.35,3.0180723667144775,4.564958572387695,7.329129219055176,0.801,0.6844754369007577,0.6891608352363343,0.6962073088377437,0.809435907965953,0.9745743274455418,2.9755609035491943,4.411274433135986,7.25015926361084,0.816,0.6890903743806174,0.6962695628162507,0.7022331676070803,0.8242993784420872,0.9776628454342611,0.7619047619047619,0.14285714285714285,0.6666666666666666,0.2857142857142857,0.5873015873015873,0.29629629629629634,0.291005291005291,0.35,3,248.780020236969
METR-LA,Multi-Krum,Sybil_Poisoning,43,40,10,7825,0.3,0.35,7.9996795654296875,9.12547779083252,16.783496856689453,0.3229,0.34513630069588314,0.4548418370314648,0.5607455095667113,0.33126318763896395,0.9514224548271988,8.107013702392578,9.201162338256836,17.123374938964844,0.3152,0.3408268735298716,0.4592864857408405,0.5440170235786372,0.33093600522081523,0.956274580073347,0.38095238095238093,0.42857142857142855,0.3333333333333333,0.42857142857142855,0.46031746031746035,0.5925925925925927,-0.13227513227513232,0.35,3,248.05652046203613
METR-LA,Multi-Krum,Sybil_Poisoning,44,40,10,7825,0.3,0.35,4.155636310577393,5.431970596313477,9.492918968200684,0.69945,0.623357059546221,0.6530841420783348,0.6572423342988378,0.7258468295959993,0.970584910603335,4.162754058837891,5.367647171020508,9.551703453063965,0.71525,0.6274056027902033,0.6640591572060763,0.6577972439486849,0.7427760116823927,0.9745674089064745,0.7619047619047619,0.2857142857142857,0.6666666666666666,0.2857142857142857,0.5873015873015872,0.29629629629629634,0.2910052910052909,0.35,3,248.44144439697266
METR-LA,Multi-Krum,Sybil_Poisoning,45,40,10,7825,0.3,0.35,4.06752347946167,5.295064926147461,9.307937622070312,0.714,0.631506305746364,0.6594514319941278,0.6632026412122463,0.7378766118163561,0.973239705598985,4.118342399597168,5.263935565948486,9.466922760009766,0.7275,0.6336732356693078,0.6685294054933422,0.6605464425112506,0.7524232703893101,0.9760697171908883,0.42857142857142855,0.2857142857142857,0.3333333333333333,0.42857142857142855,0.4761904761904762,0.5555555555555557,-0.07936507936507947,0.35,3,248.38827633857727
METR-LA,Multi-Krum,Sybil_Poisoning,46,40,10,7825,0.3,0.35,8.180895805358887,9.41239070892334,17.85187339782715,0.31345,0.2988230138566847,0.40605193815165225,0.53835869031657,0.32680727295925427,0.9461247639915307,8.29587173461914,9.508121490478516,18.33685874938965,0.3103,0.29590151598786707,0.41129910568691885,0.5299352747772346,0.332328847517,0.9515769444995974,0.19047619047619047,0.42857142857142855,0.3333333333333333,0.42857142857142855,0.3968253968253968,0.7407407407407408,-0.343915343915344,0.35,3,248.7373251914978
METR-LA,Multi-Krum,Sybil_Poisoning,47,40,10,7825,0.3,0.35,2.434634208679199,4.399649620056152,5.976364612579346,0.83585,0.7039836490348805,0.6887860245097497,0.7216799679782943,0.8321845983261615,0.974845058755863,2.3213679790496826,4.136085033416748,5.725580215454102,0.85015,0.7089571015982452,0.6946467661136394,0.7267161455260548,0.8473890985966115,0.9777307557583421,1.0,0.0,1.0,0.14285714285714285,0.6666666666666667,0.11111111111111112,0.5555555555555556,0.35,3,248.67792415618896
METR-LA,Static-Mamdani-FL,Sybil_Poisoning,42,40,10,7825,0.3,0.35,3.4562058448791504,4.90915060043335,8.371198654174805,0.7706,0.6552248443934282,0.6710722307549226,0.6787410344653215,0.784847850327367,0.9740170388180593,3.4412808418273926,4.8215651512146,8.431365013122559,0.78755,0.6614275168246893,0.6832963432946356,0.683142856776303,0.8017763966619204,0.9770507779911299,1.0,0.2075818754393566,0.0,0.0,0.7824871055112019,0.47828747258665566,0.30419963292454627,0.35,3,250.2774829864502
METR-LA,Static-Mamdani-FL,Sybil_Poisoning,43,40,10,7825,0.3,0.35,3.981820821762085,5.325832843780518,9.477062225341797,0.71665,0.6155452223854375,0.6439249609216191,0.6577863084538843,0.7395322242958883,0.9721288070403586,3.9709489345550537,5.232876777648926,9.510083198547363,0.73455,0.6231966511055365,0.6586674052590347,0.6582783001755321,0.758207173448082,0.9761243027340538,1.0,0.21927811015922907,0.0,0.0,0.7282768982284455,0.4772789081316786,0.25099799009676693,0.35,3,249.24510526657104
METR-LA,Static-Mamdani-FL,Sybil_Poisoning,44,40,10,7825,0.3,0.35,3.6437714099884033,5.097122669219971,8.90835952758789,0.7593,0.6362497094655108,0.6515804931133357,0.67456751056674,0.7740936031443377,0.972478376349023,3.665518045425415,5.017600059509277,9.062047004699707,0.7754,0.6425515467217104,0.6641967947665808,0.6767825813691598,0.7903995650619499,0.9760322451564782,1.0,0.2077461706779496,0.0,0.0,0.7957477465852811,0.4868788206599288,0.3088689259253523,0.35,3,250.44242763519287
METR-LA,Static-Mamdani-FL,Sybil_Poisoning,45,40,10,7825,0.3,0.35,4.087757110595703,5.381042957305908,9.098712921142578,0.70565,0.6348251338395067,0.6649580555199821,0.6567090323488494,0.7316264265934342,0.9708769249441366,4.102810382843018,5.289326190948486,9.12870979309082,0.7203,0.6383189375270568,0.6750234662628394,0.656695675686499,0.7475421647310369,0.9748436586078226,1.0,0.2157747461295762,0.0,0.0,0.7467893357819858,0.4794404625531234,0.2673488732288624,0.35,3,249.07508158683777
METR-LA,Static-Mamdani-FL,Sybil_Poisoning,46,40,10,7825,0.3,0.35,4.042104244232178,5.329747676849365,9.357568740844727,0.71825,0.6233784116535661,0.6509664669151545,0.6554104123855365,0.7415371584288293,0.972092371352363,4.03566837310791,5.253313064575195,9.385659217834473,0.7363,0.6354220469087161,0.6689406552748757,0.6619107594923405,0.760160053965191,0.9755474226591934,1.0,0.21221758748206287,0.0,0.0,0.7669057714183374,0.4820519940330394,0.284853777385298,0.35,3,248.14157509803772
METR-LA,Static-Mamdani-FL,Sybil_Poisoning,47,40,10,7825,0.3,0.35,4.3905029296875,5.640864849090576,9.882725715637207,0.67395,0.6118876063446846,0.6474923264748428,0.647340974273433,0.7042529471875588,0.9700098179597622,4.409396171569824,5.5713677406311035,9.952442169189453,0.69025,0.6125597431774161,0.6548555786034356,0.6439677010985616,0.7220012967504191,0.9740417606487869,1.0,0.22123852178886494,0.0,0.0,0.7169988766383916,0.4752821979557112,0.24171667868268037,0.35,3,248.95150542259216
METR-LA,ZeroTrust-ANFIS-FL,Sybil_Poisoning,42,40,10,7825,0.3,0.35,2.4604499340057373,4.414852142333984,6.08234977722168,0.8333,0.7003850802553977,0.6887332602389433,0.7133290742341516,0.8301052494471373,0.9748652881780059,2.3550243377685547,4.185420513153076,5.838736057281494,0.8463,0.7027054886605413,0.6904096897461187,0.7178921888860299,0.8436803133649168,0.9774420741045362,1.0,0.0,1.0,0.0,0.6686946999197697,0.3160233978398351,0.35267130207993463,0.46211623886671865,3,249.69884204864502
METR-LA,ZeroTrust-ANFIS-FL,Sybil_Poisoning,43,40,10,7825,0.3,0.35,2.493208646774292,4.4815802574157715,6.1172051429748535,0.83265,0.6947302213303047,0.6825551485130605,0.7081998286086028,0.8290116668449092,0.9736653153587276,2.3560547828674316,4.19753885269165,5.751796722412109,0.8479,0.7043801210502427,0.6907949616688545,0.7202820188293533,0.8449060003050155,0.9771461917941789,1.0,0.0,1.0,0.2857142857142857,0.7225245775167247,0.3150435322313104,0.40748104528541434,0.641804333395207,3,249.30700016021729
METR-LA,ZeroTrust-ANFIS-FL,Sybil_Poisoning,44,40,10,7825,0.3,0.35,2.4540889263153076,4.371325492858887,6.168184280395508,0.83385,0.6990957642753244,0.6799569525124797,0.7227799191819188,0.8296650629163392,0.9748883725260176,2.353123664855957,4.1642913818359375,5.944843292236328,0.84745,0.6984297245655087,0.6804728769740578,0.7227579611880082,0.8441487269326955,0.9774485767388679,1.0,0.0,1.0,0.0,0.6836641899422736,0.3026250411539624,0.38103914878831124,0.42096444800056687,3,249.35393118858337
METR-LA,ZeroTrust-ANFIS-FL,Sybil_Poisoning,45,40,10,7825,0.3,0.35,2.4709737300872803,4.476828098297119,6.1833086013793945,0.8357,0.6989986860167454,0.6827973650482557,0.7177921717943324,0.831661334162169,0.9736655225166297,2.3249123096466064,4.144660949707031,5.73634672164917,0.84995,0.7054873437267892,0.6890403815186382,0.7260370832034211,0.8466029422553842,0.9774035454630905,1.0,0.0,1.0,0.0,0.6855618106588998,0.3190694725968899,0.36649233806200987,0.436695153036194,3,249.61457586288452
METR-LA,ZeroTrust-ANFIS-FL,Sybil_Poisoning,46,40,10,7825,0.3,0.35,2.446751594543457,4.37742805480957,5.921998023986816,0.8345,0.7025490560035326,0.6897758916216509,0.7168066053951445,0.8308819094439878,0.9749646864908712,2.3236796855926514,4.123891353607178,5.6575822830200195,0.84735,0.7048145846006049,0.6922734720807465,0.7198058754302338,0.8446159685667383,0.9777567323712767,1.0,0.0,1.0,0.0,0.6928868775425899,0.30179702918158174,0.3910898483610082,0.473929547576295,3,249.652512550354
METR-LA,ZeroTrust-ANFIS-FL,Sybil_Poisoning,47,40,10,7825,0.3,0.35,2.457900285720825,4.428239822387695,6.040435314178467,0.8342,0.696074098281802,0.67668053202997,0.7197645110197288,0.8289079229292502,0.9742583651807551,2.3420093059539795,4.176133155822754,5.760429859161377,0.84785,0.7018604057551115,0.6836168735875743,0.7251855047599408,0.84365404711959,0.977361821843157,1.0,0.0,1.0,0.2857142857142857,0.606767097824239,0.32104846648608626,0.28571863133815273,0.5171686804288563,3,249.2003197669983
PEMS-BAY,FedAvg,No_Attack,42,40,10,7825,0.3,0.35,0.9166701436042786,1.6295589208602905,1.7643381357192993,0.9517,0.85079236138221,0.8442431991730247,0.8586173999287847,0.9511455469093008,0.9958616182584896,0.9194182753562927,1.676783561706543,1.7862908840179443,0.95715,0.8502561859881169,0.8445556555502597,0.8572303871737095,0.9563888548394767,0.9962886820916506,,0.0,,,0.5,,,0.35,3,241.78980469703674
PEMS-BAY,FedAvg,No_Attack,43,40,10,7825,0.3,0.35,0.919532835483551,1.6467570066452026,1.7622156143188477,0.9509,0.8520479554869477,0.847789820724515,0.8573029123873356,0.95058364298808,0.9957236058343439,0.920525074005127,1.6828112602233887,1.7837157249450684,0.95685,0.8477241422382132,0.8422194207147239,0.8547103722650455,0.9561838014599622,0.9962295511094524,,0.0,,,0.5,,,0.35,3,241.15449714660645
PEMS-BAY,FedAvg,No_Attack,44,40,10,7825,0.3,0.35,0.9185758829116821,1.6346849203109741,1.7760252952575684,0.9512,0.8502855914662968,0.8469229574820325,0.8550843706634144,0.9507843856058342,0.995917781531904,0.9220174551010132,1.6841723918914795,1.7981221675872803,0.95665,0.8470526850034851,0.8438826014962475,0.8517284671272177,0.9559775037729127,0.9964183375629063,,0.0,,,0.5,,,0.35,3,244.0146565437317
PEMS-BAY,FedAvg,No_Attack,45,40,10,7825,0.3,0.35,0.9115222692489624,1.6140562295913696,1.756492018699646,0.9512,0.8539585998899961,0.8478724500637386,0.8609184842640575,0.9506788904906094,0.9960457211581721,0.919479489326477,1.6818294525146484,1.7868608236312866,0.9563,0.8459441458506841,0.8399498584773045,0.8529496591568183,0.955569479057267,0.9963331422995796,,0.0,,,0.5,,,0.35,3,243.88798022270203
PEMS-BAY,FedAvg,No_Attack,46,40,10,7825,0.3,0.35,0.9129955768585205,1.6229119300842285,1.7592308521270752,0.9512,0.8504327577337417,0.841348627214461,0.8610224852117749,0.950485379027427,0.9959862784018585,0.9195370078086853,1.6813137531280518,1.7917940616607666,0.9574,0.8481868339113039,0.8395802688083588,0.8584195224863483,0.9564530258744451,0.9963293356447256,,0.0,,,0.5,,,0.35,3,245.03606820106506
PEMS-BAY,FedAvg,No_Attack,47,40,10,7825,0.3,0.35,0.9097510576248169,1.608003854751587,1.7535442113876343,0.9516,0.852867701844473,0.8452470703986037,0.8612726572057754,0.9510740705474402,0.9959917310858514,0.9146613478660583,1.663116455078125,1.7834080457687378,0.95715,0.8490305705172329,0.8415470081552524,0.8575611360246158,0.95640489752598,0.9964053906061285,,0.0,,,0.5,,,0.35,3,246.7631025314331
PEMS-BAY,FedProx,No_Attack,42,40,10,7825,0.3,0.35,0.9273961186408997,1.6306661367416382,1.7942510843276978,0.9514,0.850649800683529,0.845250293802842,0.856953096144679,0.9510425915061081,0.9959754242221717,0.9388088583946228,1.7048494815826416,1.8448883295059204,0.9557,0.8416478208281959,0.8373693725270162,0.8465679605960202,0.9552112739219539,0.9963173426593694,,0.0,,,0.5,,,0.35,3,396.27822852134705
PEMS-BAY,FedProx,No_Attack,43,40,10,7825,0.3,0.35,0.9264982342720032,1.6278862953186035,1.7909400463104248,0.95125,0.8499815895767385,0.8452015530328296,0.8555053819730585,0.9509380592203867,0.9959846280648499,0.9380751848220825,1.7020317316055298,1.8421937227249146,0.9555,0.8407307867593193,0.8372283981170707,0.8448176335074548,0.9550433730150253,0.996313634922647,,0.0,,,0.5,,,0.35,3,395.53544569015503
PEMS-BAY,FedProx,No_Attack,44,40,10,7825,0.3,0.35,0.9259158968925476,1.628766655921936,1.7890334129333496,0.9514,0.8483771958551557,0.8413721662409689,0.8563877002335536,0.9509334580109545,0.9959817240144337,0.9385088086128235,1.7055509090423584,1.8399091958999634,0.95505,0.8381969568954467,0.8325214225166212,0.8445860849477779,0.9544476955467511,0.9962997514432329,,0.0,,,0.5,,,0.35,3,397.50175952911377
PEMS-BAY,FedProx,No_Attack,45,40,10,7825,0.3,0.35,0.9240721464157104,1.628919243812561,1.7877085208892822,0.9522,0.8545026756027039,0.8460898625846929,0.8640041237876048,0.9516205834006021,0.9959689718818949,0.937058687210083,1.7076632976531982,1.8403953313827515,0.9555,0.8402890206157698,0.832775756326621,0.8486310997725081,0.9547492254153792,0.9962808439528336,,0.0,,,0.5,,,0.35,3,398.3694076538086
PEMS-BAY,FedProx,No_Attack,46,40,10,7825,0.3,0.35,0.9273638725280762,1.629518747329712,1.796038031578064,0.9511,0.8475016902684089,0.839475156627062,0.8564633056596355,0.9506114680909646,0.9959340287217788,0.9385042190551758,1.7050467729568481,1.845592975616455,0.9555,0.8399622108165797,0.8326700485607745,0.8480855294144181,0.9547923466541927,0.9962779100964885,,0.0,,,0.5,,,0.35,3,396.9864225387573
PEMS-BAY,FedProx,No_Attack,47,40,10,7825,0.3,0.35,0.9302943348884583,1.6236400604248047,1.8222248554229736,0.95135,0.8470820783785074,0.8365474953553654,0.8590608247060351,0.9509175439587009,0.9959926877191189,0.9416681528091431,1.7004247903823853,1.8741737604141235,0.95525,0.8389245251498538,0.8293428418619065,0.8491632221779953,0.954614911155414,0.9963438133355582,,0.0,,,0.5,,,0.35,3,398.31217670440674
PEMS-BAY,SCAFFOLD,No_Attack,42,40,10,7825,0.3,0.35,0.9469524621963501,1.6617594957351685,1.8131762742996216,0.9498,0.8489029254196865,0.8447041926300797,0.8536272293795599,0.9494398479389514,0.9959711668551396,0.9531323313713074,1.7253483533859253,1.8582048416137695,0.95435,0.8379534158026759,0.833956634079011,0.8423972539581204,0.9538046195077015,0.9963929206171227,,0.0,,,0.5,,,0.35,3,252.93020868301392
PEMS-BAY,SCAFFOLD,No_Attack,43,40,10,7825,0.3,0.35,0.9439409375190735,1.6553300619125366,1.8036129474639893,0.95025,0.8508870269050692,0.84743381883167,0.8547105443056262,0.9499880773390742,0.9959885548449494,0.9520820379257202,1.7219154834747314,1.8520888090133667,0.95435,0.8383855315660054,0.8347060735539051,0.8424333021023761,0.9538776257431016,0.9963858312921788,,0.0,,,0.5,,,0.35,3,251.31570434570312
PEMS-BAY,SCAFFOLD,No_Attack,44,40,10,7825,0.3,0.35,0.9390711784362793,1.6558640003204346,1.7909172773361206,0.95065,0.8514584315552846,0.850942193289821,0.8524706827802699,0.9504857965005118,0.9960195755302764,0.9455592632293701,1.7169841527938843,1.8306365013122559,0.955,0.8421446591373728,0.8417902260062758,0.8431168403300664,0.9546281063906809,0.9964046456916285,,0.0,,,0.5,,,0.35,3,252.63071131706238
PEMS-BAY,SCAFFOLD,No_Attack,45,40,10,7825,0.3,0.35,0.9460912346839905,1.6552047729492188,1.8161571025848389,0.95055,0.8521776652657355,0.8459832149521022,0.8589453319732374,0.9501337634886556,0.9959918824338427,0.9542935490608215,1.7224727869033813,1.8652245998382568,0.9541,0.83727000175242,0.8315033614095071,0.8434997637848124,0.9534769541977764,0.996390930005081,,0.0,,,0.5,,,0.35,3,252.11438369750977
PEMS-BAY,SCAFFOLD,No_Attack,46,40,10,7825,0.3,0.35,0.9481308460235596,1.6512471437454224,1.8170669078826904,0.95035,0.8525349273066254,0.8497903259697681,0.8555829267462289,0.9502450278115677,0.9959977618793229,0.9573934674263,1.716185212135315,1.8678109645843506,0.9546,0.8399496045524891,0.8362413043316131,0.8439087000705061,0.9542343104988864,0.9964057665597482,,0.0,,,0.5,,,0.35,3,252.1822531223297
PEMS-BAY,SCAFFOLD,No_Attack,47,40,10,7825,0.3,0.35,0.9423571228981018,1.6517447233200073,1.808543086051941,0.9505,0.851219962163867,0.8462710451954253,0.8565985417040899,0.9501911874866431,0.9960056350677879,0.9504767656326294,1.72063410282135,1.8576428890228271,0.95455,0.8374889286688025,0.8325335246942782,0.8428686482540249,0.9540199200390976,0.9963916442632941,,0.0,,,0.5,,,0.35,3,252.70434665679932
PEMS-BAY,FLTrust,No_Attack,42,40,10,7825,0.3,0.35,0.9905505776405334,1.7338237762451172,1.9307546615600586,0.9464,0.8362197139795574,0.8339897794080601,0.8391065247953474,0.9463915778559946,0.9957512957884274,0.9939379096031189,1.7959636449813843,1.9585436582565308,0.9513,0.8243278304254276,0.821769390561822,0.8289908331589955,0.9507252601556907,0.996038663670019,,0.0,,,0.008251395681872964,,,0.35,3,272.5648338794708
PEMS-BAY,FLTrust,No_Attack,43,40,10,7825,0.3,0.35,0.9253292083740234,1.6393903493881226,1.7808277606964111,0.95125,0.8514499461822835,0.8458281747268155,0.8576253497975441,0.9509316444701008,0.9958663180929807,0.9238377213478088,1.6694836616516113,1.8026782274246216,0.95575,0.8423469194531782,0.8349302804144539,0.8510815280296967,0.9551060196301114,0.9964185735896531,,0.0,,,0.03476088810712099,,,0.35,3,272.2733266353607
PEMS-BAY,FLTrust,No_Attack,44,40,10,7825,0.3,0.35,0.9591161012649536,1.69126558303833,1.856027603149414,0.9479,0.842541328534133,0.8366864580148942,0.8495961873220013,0.947850948692677,0.9955628145433952,0.9625189304351807,1.7501847743988037,1.8883222341537476,0.95305,0.8341085594548776,0.8286377125400908,0.8403977519466574,0.9526914209881521,0.9961566329446413,,0.0,,,0.011839504167437554,,,0.35,3,271.6880192756653
PEMS-BAY,FLTrust,No_Attack,45,40,10,7825,0.3,0.35,0.9486041069030762,1.6717342138290405,1.8618911504745483,0.9502,0.8476598857072629,0.847666521811196,0.8491553840120354,0.9500341497562438,0.9959342580803563,0.9546244144439697,1.7389174699783325,1.887007474899292,0.95475,0.8381284385633994,0.8381681178449474,0.8402557691019489,0.9542775459722727,0.9962100793647328,,0.0,,,0.017024672649858984,,,0.35,3,270.9555640220642
PEMS-BAY,FLTrust,No_Attack,46,40,10,7825,0.3,0.35,0.9241793751716614,1.6417675018310547,1.7828272581100464,0.95125,0.8521401057581137,0.8437008880655398,0.8615881467556473,0.9506065359229604,0.9960203943274092,0.9324553608894348,1.714207649230957,1.8200676441192627,0.9557,0.8418247636311899,0.8337172431762842,0.8518473200581859,0.9548262822418874,0.9962175208090766,,0.0,,,0.015939467679709197,,,0.35,3,272.04286789894104
PEMS-BAY,FLTrust,No_Attack,47,40,10,7825,0.3,0.35,0.9324373006820679,1.6596338748931885,1.798490047454834,0.9504,0.8501568095758728,0.839615001620664,0.8617594615870502,0.9496387009437247,0.9956581753726059,0.9349444508552551,1.7092103958129883,1.82515287399292,0.95525,0.8427806319137587,0.8313867056787902,0.8554438378628063,0.9542349109253205,0.9961473733301143,,0.0,,,0.018553919880650936,,,0.35,3,272.3746418952942
PEMS-BAY,Multi-Krum,No_Attack,42,40,10,7825,0.3,0.35,0.9157402515411377,1.6281096935272217,1.7628047466278076,0.95205,0.8532460515396977,0.847647832274852,0.8599360462799363,0.9516110929274683,0.9959463681652704,0.9157726764678955,1.6685705184936523,1.7829861640930176,0.9574,0.8506677537658405,0.8451213200427417,0.8575705056120828,0.956703642324527,0.9963294620188466,,0.0,,,0.5000000000000001,,,0.35,3,247.98125457763672
PEMS-BAY,Multi-Krum,No_Attack,43,40,10,7825,0.3,0.35,0.9262847900390625,1.6596357822418213,1.7832772731781006,0.95145,0.8533170562644423,0.8490937506044085,0.8588185480935691,0.9510861332692213,0.9957331657602195,0.9273683428764343,1.6912404298782349,1.805832028388977,0.95615,0.8443390153316683,0.8404602148485484,0.8498818224636198,0.9555300326729151,0.9962456450106796,,0.0,,,0.5,,,0.35,3,246.29972624778748
PEMS-BAY,Multi-Krum,No_Attack,44,40,10,7825,0.3,0.35,0.9162783026695251,1.6316440105438232,1.7652157545089722,0.9513,0.8531467911979455,0.8490957035996229,0.8583334163193035,0.9509225905945775,0.9958653844930747,0.9195250272750854,1.6827212572097778,1.7882943153381348,0.9568,0.8463942309197938,0.8422511667657023,0.8517613304470564,0.9561488619534458,0.9963472518876964,,0.0,,,0.5,,,0.35,3,247.196044921875
PEMS-BAY,Multi-Krum,No_Attack,45,40,10,7825,0.3,0.35,0.9165940284729004,1.6369749307632446,1.7724676132202148,0.9517,0.8535125694936742,0.8423880138260987,0.8658729443276479,0.9510821103438603,0.9957892104215357,0.919974148273468,1.672196626663208,1.803099513053894,0.9567,0.8446855500282247,0.8350256698763066,0.8553611623949025,0.9558939332537976,0.9963680304759751,,0.0,,,0.5000000000000001,,,0.35,3,248.5077576637268
PEMS-BAY,Multi-Krum,No_Attack,46,40,10,7825,0.3,0.35,0.9099289774894714,1.6122386455535889,1.7564810514450073,0.9526,0.8555234995296651,0.8452466338802654,0.8672678211113389,0.9519726711099522,0.9959427377054177,0.9191106557846069,1.6753804683685303,1.7962219715118408,0.95635,0.8422505575152209,0.8330963121141147,0.8524398343796135,0.9554771614939058,0.9962694365510064,,0.0,,,0.5,,,0.35,3,247.9502682685852
PEMS-BAY,Multi-Krum,No_Attack,47,40,10,7825,0.3,0.35,0.9216787219047546,1.6349408626556396,1.7779139280319214,0.95155,0.8514326492758355,0.8453084725195904,0.8593786642575175,0.9509057596377272,0.9958484165571307,0.926112711429596,1.6942416429519653,1.802958369255066,0.95575,0.8424625953189171,0.8373220626839887,0.8495683818042229,0.9549145360774495,0.9963134600240402,,0.0,,,0.4999999999999999,,,0.35,3,248.5401749610901
PEMS-BAY,Static-Mamdani-FL,No_Attack,42,40,10,7825,0.3,0.35,0.91404128074646,1.6296221017837524,1.758164405822754,0.95185,0.8532357657679561,0.8476947831422867,0.859896789197206,0.9513667675759235,0.995835263769023,0.914861798286438,1.6710947751998901,1.7784367799758911,0.9569,0.8505080750359566,0.8448418707587925,0.8573826011630634,0.956203770027768,0.9963370589641809,,0.0,,,0.8829970282070251,,,0.35,3,251.57984066009521
PEMS-BAY,Static-Mamdani-FL,No_Attack,43,40,10,7825,0.3,0.35,0.9190477728843689,1.644948124885559,1.765432357788086,0.95125,0.8530706842264525,0.8500955084833365,0.8569103872823363,0.9509819700870579,0.9957463621181948,0.9207819104194641,1.6813398599624634,1.7883635759353638,0.957,0.8494513005588583,0.8458383440710175,0.85455758988815,0.9564227279835211,0.9962837987385055,,0.0,,,0.8658298448431104,,,0.35,3,250.95047640800476
PEMS-BAY,Static-Mamdani-FL,No_Attack,44,40,10,7825,0.3,0.35,0.9184771776199341,1.6353729963302612,1.7668853998184204,0.95115,0.8504055025125064,0.8481903848049444,0.8538214187781998,0.9509191507310397,0.9958485211950764,0.9216808676719666,1.6826565265655518,1.7869653701782227,0.9563,0.8469610652275431,0.8442222574430402,0.851022651689099,0.9557686053772799,0.9963423577163225,,0.0,,,0.8490231093196374,,,0.35,3,251.0902590751648
PEMS-BAY,Static-Mamdani-FL,No_Attack,45,40,10,7825,0.3,0.35,0.911547839641571,1.6164244413375854,1.7574913501739502,0.9512,0.8524608171416677,0.8451604844258899,0.8606223020040268,0.9506556278356049,0.9959058830796017,0.9172614216804504,1.6737873554229736,1.7881386280059814,0.9564,0.8448555170983753,0.8370967818373662,0.853772305944996,0.9555744566805284,0.9963597360767364,,0.0,,,0.8627276577394367,,,0.35,3,249.01339149475098
PEMS-BAY,Static-Mamdani-FL,No_Attack,46,40,10,7825,0.3,0.35,0.9132569432258606,1.6249351501464844,1.7582098245620728,0.9513,0.8510449176300856,0.8424413732752332,0.8611882188956299,0.9505796817255706,0.9959902514499146,0.9213514924049377,1.6812483072280884,1.7917027473449707,0.9569,0.8465476146715496,0.8390231300072205,0.8554460543748423,0.9560097356521099,0.9963097775506291,,0.0,,,0.8076527469419787,,,0.35,3,250.91112327575684
PEMS-BAY,Static-Mamdani-FL,No_Attack,47,40,10,7825,0.3,0.35,0.9106980562210083,1.6119191646575928,1.7519947290420532,0.95165,0.8525282454522619,0.8446072376340862,0.8617424331906367,0.9509815136238762,0.9959998366639756,0.9163963794708252,1.6666297912597656,1.7802648544311523,0.95675,0.847052605589424,0.8395999618247079,0.8557756097438476,0.9559139467022826,0.9963574844893623,,0.0,,,0.8961488479434007,,,0.35,3,250.62712836265564
PEMS-BAY,ZeroTrust-ANFIS-FL,No_Attack,42,40,10,7825,0.3,0.35,0.9140862226486206,1.627769947052002,1.7555789947509766,0.9517,0.8527198267475985,0.8462244854732012,0.8604777599753163,0.9511850966793985,0.9959107570256664,0.9160462021827698,1.670426607131958,1.777413249015808,0.95725,0.8509718417978853,0.8447620051882143,0.8587079901734039,0.9564745080607028,0.9963017519465515,,0.0,,,0.5495070693815735,,,0.35,3,248.87865161895752
PEMS-BAY,ZeroTrust-ANFIS-FL,No_Attack,43,40,10,7825,0.3,0.35,0.9209429621696472,1.650359869003296,1.7694573402404785,0.9513,0.8516229144103308,0.8480669238624239,0.8564362081247511,0.9509470899081034,0.9957844735188927,0.923196017742157,1.6883221864700317,1.795883297920227,0.95645,0.8462713131322823,0.8418828814224242,0.8523450926866148,0.9557680793112766,0.9962706365024926,,0.0,,,0.5560915658245118,,,0.35,3,250.1071584224701
PEMS-BAY,ZeroTrust-ANFIS-FL,No_Attack,44,40,10,7825,0.3,0.35,0.9168757796287537,1.6277697086334229,1.7667481899261475,0.95095,0.8495274818079668,0.8458724740043913,0.8544260225383692,0.9506699150924,0.9959311604096924,0.920807421207428,1.6816985607147217,1.7880644798278809,0.9567,0.8473776399218883,0.8433716204816637,0.8525995024689099,0.9560852530241724,0.9963554976136375,,0.0,,,0.547122492808269,,,0.35,3,247.77064204216003
PEMS-BAY,ZeroTrust-ANFIS-FL,No_Attack,45,40,10,7825,0.3,0.35,0.9161232709884644,1.6270134449005127,1.7681366205215454,0.95135,0.8538221135782573,0.8483478983561543,0.8603900838324904,0.9507375637991008,0.9959669319453782,0.9230877757072449,1.6935690641403198,1.7990556955337524,0.95665,0.8465435332444506,0.8408329566464016,0.8536504376813095,0.9558462445571495,0.9962733405857531,,0.0,,,0.5644062812160044,,,0.35,3,249.51475286483765
PEMS-BAY,ZeroTrust-ANFIS-FL,No_Attack,46,40,10,7825,0.3,0.35,0.9150405526161194,1.6235982179641724,1.763306975364685,0.9517,0.8532335842809766,0.8467339861618408,0.8613335647140283,0.9511441670797495,0.9960731351525574,0.9218859672546387,1.6818716526031494,1.794095516204834,0.9568,0.8477094960870959,0.8419572504070476,0.8548625751068866,0.9560307194730769,0.9963310793627955,,0.0,,,0.5566397040090448,,,0.35,3,248.83793663978577
PEMS-BAY,ZeroTrust-ANFIS-FL,No_Attack,47,40,10,7825,0.3,0.35,0.9098604321479797,1.6050951480865479,1.7531709671020508,0.95155,0.8536033865816919,0.8447369780894018,0.8635353103425396,0.9509634386986472,0.996077750609169,0.9186373949050903,1.670365810394287,1.7910549640655518,0.957,0.8482150421368658,0.8396576416439574,0.8579583845804482,0.9561594189072342,0.9963507875363111,,0.0,,,0.5494929540772577,,,0.35,3,248.27532720565796
PEMS-BAY,FedAvg,Byzantine_Noise,42,40,10,7825,0.3,0.35,2.6196577548980713,3.369292974472046,4.567045211791992,0.93525,0.7931678118060019,0.7620057295682559,0.8301754474133822,0.9328773207017768,0.9933109777963467,2.6124722957611084,3.4042632579803467,4.5852532386779785,0.94025,0.779975756663318,0.7499100176333247,0.8146159497878898,0.9377657824007293,0.9941869241823108,0.5,0.3,0.0,0.0,0.5,0.5,0.0,0.35,3,248.82655882835388
PEMS-BAY,FedAvg,Byzantine_Noise,43,40,10,7825,0.3,0.35,3.6291768550872803,4.185935974121094,7.142363548278809,0.8869,0.5280012693643792,0.4925346432116112,0.6989171598071697,0.8715802873191435,0.9951553451203505,3.6314918994903564,4.222763538360596,7.152584075927734,0.89755,0.5303396310671629,0.49330076119693145,0.6944114774107979,0.883858430378705,0.995474795637145,0.5,0.3,0.0,0.0,0.5,0.5,0.0,0.35,3,248.79816818237305
PEMS-BAY,FedAvg,Byzantine_Noise,44,40,10,7825,0.3,0.35,1.4297550916671753,2.2871251106262207,2.986377477645874,0.91645,0.7707184316840944,0.8121267817304947,0.7426928925275366,0.9206347569066776,0.9951528665423607,1.3953357934951782,2.2753357887268066,2.917600154876709,0.9275,0.766513886191883,0.8065808280562272,0.7390041041966076,0.9306338247093711,0.995787673021652,0.5,0.3,0.0,0.0,0.5,0.5,0.0,0.35,3,247.94027256965637
PEMS-BAY,FedAvg,Byzantine_Noise,45,40,10,7825,0.3,0.35,1.633969783782959,2.2817471027374268,2.9564878940582275,0.933,0.8141133106285183,0.83585252361406,0.7963807687299015,0.9345254432972563,0.9954231615647766,1.6582812070846558,2.3308510780334473,3.0184054374694824,0.93635,0.8000815572912195,0.8231427995852277,0.7823617304164313,0.9377593443303518,0.9953343994043635,0.5,0.3,0.0,0.0,0.5,0.5,0.0,0.35,3,248.965425491333
PEMS-BAY,FedAvg,Byzantine_Noise,46,40,10,7825,0.3,0.35,5.694563865661621,6.116433620452881,9.40550422668457,0.8941,0.6966570388603556,0.6522135839940264,0.79294109645105,0.8721874606893041,0.9934636246577156,5.752479553222656,6.181488037109375,9.50046443939209,0.9081,0.6904049331989472,0.6478176034924155,0.7766256128938931,0.8905679518440069,0.994313514963957,0.5,0.3,0.0,0.0,0.5,0.5,0.0,0.35,3,247.85010766983032
PEMS-BAY,FedAvg,Byzantine_Noise,47,40,10,7825,0.3,0.35,2.198917865753174,2.7802085876464844,4.236040115356445,0.90345,0.6865039086778618,0.6346417719051982,0.782499630668181,0.8906476699985516,0.9952951285458167,2.1796135902404785,2.8119375705718994,4.213483810424805,0.91655,0.6975490572039613,0.6465563781097865,0.782883279775222,0.9057900931112696,0.9958515645327125,0.5,0.3,0.0,0.0,0.5,0.5,0.0,0.35,3,248.29215693473816
PEMS-BAY,FedProx,Byzantine_Noise,42,40,10,7825,0.3,0.35,0.9338384866714478,1.632987141609192,1.8068426847457886,0.9513,0.8495062040204653,0.8414834647855096,0.8585691154534276,0.950726548955814,0.9960122135256635,0.9438999891281128,1.7026221752166748,1.8558666706085205,0.95475,0.837162949542606,0.8295791373800399,0.8456676404030837,0.9540040074746144,0.9964020809469276,0.5,0.3,0.0,0.0,0.5,0.5,0.0,0.35,3,396.255339384079
PEMS-BAY,FedProx,Byzantine_Noise,43,40,10,7825,0.3,0.35,0.9375813603401184,1.6385101079940796,1.8135391473770142,0.95095,0.8480374821379248,0.8382322288746547,0.8592168211503347,0.9501779276667869,0.9960383570744996,0.9481032490730286,1.7109721899032593,1.8650617599487305,0.95455,0.8364954644084988,0.8273041507863802,0.8469114303726908,0.9536198071218014,0.9963981001370902,0.5,0.3,0.0,0.0,0.5,0.5,0.0,0.35,3,396.43409609794617
PEMS-BAY,FedProx,Byzantine_Noise,44,40,10,7825,0.3,0.35,0.9323426485061646,1.6461257934570312,1.8005365133285522,0.9518,0.8496835355603528,0.8465810504452763,0.8539829814075682,0.9513611085722669,0.9960262333914232,0.9436590075492859,1.7163281440734863,1.8501496315002441,0.95565,0.843075228380993,0.8399843454143342,0.847715911261403,0.9549996730345136,0.996335307880701,0.5,0.3,0.0,0.0,0.5,0.5,0.0,0.35,3,394.72127389907837
PEMS-BAY,FedProx,Byzantine_Noise,45,40,10,7825,0.3,0.35,0.968938946723938,1.6414281129837036,1.848915934562683,0.9512,0.8534858302272488,0.8523674332869968,0.8555309878128614,0.9513201081340398,0.9960065626489748,0.9834441542625427,1.7134473323822021,1.9048539400100708,0.95495,0.8418329839476305,0.841308115568523,0.8428595486516283,0.9548679839315005,0.99635026385047,0.5,0.3,0.0,0.0,0.5,0.5,0.0,0.35,3,396.64605617523193
PEMS-BAY,FedProx,Byzantine_Noise,46,40,10,7825,0.3,0.35,0.9878401160240173,1.6741588115692139,1.885765790939331,0.9505,0.8461024857950322,0.8331113865616967,0.8611603240796409,0.9492710886785557,0.9959920528337819,0.9982182383537292,1.7434935569763184,1.9321720600128174,0.954,0.8370246657288979,0.8254217720518927,0.8505928756247085,0.952678227647717,0.9963707152492849,0.5,0.3,0.0,0.0,0.5,0.5,0.0,0.35,3,397.61273407936096
PEMS-BAY,FedProx,Byzantine_Noise,47,40,10,7825,0.3,0.35,0.9514727592468262,1.6450717449188232,1.8332695960998535,0.9516,0.8510581850455996,0.8410576883223818,0.8624153390920434,0.9508603018520989,0.9960059592399955,0.9606143832206726,1.7172824144363403,1.8815653324127197,0.9549,0.8383596250487466,0.828841350470983,0.8491786310219922,0.9540070486359878,0.9963797170417288,0.5,0.3,0.0,0.0,0.5,0.5,0.0,0.35,3,397.1391034126282
PEMS-BAY,SCAFFOLD,Byzantine_Noise,42,40,10,7825,0.3,0.35,0.9548811316490173,1.6788158416748047,1.8298521041870117,0.94845,0.8449693675632706,0.8415207933420905,0.8489254275058549,0.9481562474109673,0.9959359853844477,0.9611614942550659,1.745429515838623,1.8748127222061157,0.9547,0.8395163526912327,0.8365778875682282,0.8428500722459121,0.9542187899997336,0.996361701866443,0.5,0.3,0.0,0.0,0.5,0.5,0.0,0.35,3,253.04589295387268
PEMS-BAY,SCAFFOLD,Byzantine_Noise,43,40,10,7825,0.3,0.35,0.9554786086082458,1.681145191192627,1.8246525526046753,0.94865,0.8453744823630907,0.8425760915621483,0.8485869552525511,0.9483804851134627,0.99594217461965,0.962777316570282,1.7491767406463623,1.872578501701355,0.95435,0.8370173772983198,0.8340067307389555,0.8405231724775637,0.9538529250615516,0.9963545216125684,0.5,0.3,0.0,0.0,0.5,0.5,0.0,0.35,3,253.26183080673218
PEMS-BAY,SCAFFOLD,Byzantine_Noise,44,40,10,7825,0.3,0.35,0.9452171921730042,1.6649891138076782,1.8045445680618286,0.95,0.8507233296894562,0.8488327828251233,0.8528708766301014,0.9497700156445459,0.9959907882326641,0.9526177644729614,1.730936050415039,1.8490636348724365,0.95445,0.8397325833504616,0.8371530256017701,0.8427716123076726,0.9539782756988152,0.996383704409272,0.5,0.3,0.0,0.0,0.5,0.5,0.0,0.35,3,253.1129653453827
PEMS-BAY,SCAFFOLD,Byzantine_Noise,45,40,10,7825,0.3,0.35,0.9530308842658997,1.6788076162338257,1.8213030099868774,0.94925,0.847297740439157,0.8442512365818502,0.8508287028634536,0.9489270504443568,0.9959633525142395,0.9616435766220093,1.7480746507644653,1.8709540367126465,0.95405,0.8366137020284012,0.8330095036827355,0.8408080462926781,0.9535125119293884,0.9963554418211438,0.5,0.3,0.0,0.0,0.5,0.5,0.0,0.35,3,255.11828541755676
PEMS-BAY,SCAFFOLD,Byzantine_Noise,46,40,10,7825,0.3,0.35,0.9538761973381042,1.6718014478683472,1.83406662940979,0.94915,0.8463477130625219,0.8416716932013655,0.8516215075764897,0.948787884956678,0.9959579397371443,0.9616876840591431,1.7389909029006958,1.8821334838867188,0.95425,0.8378290020282686,0.8331527693275284,0.8429152844759574,0.9537037610557331,0.9963703829263184,0.5,0.3,0.0,0.0,0.5,0.5,0.0,0.35,3,253.10728788375854
PEMS-BAY,SCAFFOLD,Byzantine_Noise,47,40,10,7825,0.3,0.35,0.9543787837028503,1.6742539405822754,1.8363194465637207,0.94895,0.8460554316899795,0.8414679336900134,0.8512094257662921,0.9486473950997921,0.9959568441809786,0.962470293045044,1.7460492849349976,1.8854905366897583,0.95435,0.8386451802198808,0.8339713595247893,0.8436136419092459,0.9538533452791377,0.9963550054256047,0.5,0.3,0.0,0.0,0.5,0.5,0.0,0.35,3,254.51037859916687
PEMS-BAY,FLTrust,Byzantine_Noise,42,40,10,7825,0.3,0.35,0.9481109380722046,1.6653895378112793,1.865267038345337,0.9512,0.8527435319472205,0.8405104787732501,0.8666316816390711,0.9501920009186344,0.9958762374277991,0.957425594329834,1.7360637187957764,1.9091483354568481,0.95485,0.8363291094075592,0.8249094078355611,0.8503302282508386,0.9536543468695554,0.9962414122421538,0.6190476190476191,0.097473558858825,1.0,1.0,0.015287552827170916,0.0038524912670254707,0.011435061560145445,0.35,3,271.99982833862305
PEMS-BAY,FLTrust,Byzantine_Noise,43,40,10,7825,0.3,0.35,0.9974952340126038,1.7295281887054443,2.072380304336548,0.94765,0.8279492595330264,0.8060431243616154,0.856126698275412,0.9465766297083981,0.9957689571216085,0.9992649555206299,1.765346884727478,2.102796792984009,0.95235,0.8216870120365923,0.8019268832375281,0.8448095843190379,0.9512408737538244,0.996203876270947,0.9285714285714286,0.0,1.0,1.0,0.032449476420879364,0.0,0.032449476420879364,0.35,3,271.2529630661011
PEMS-BAY,FLTrust,Byzantine_Noise,44,40,10,7825,0.3,0.35,0.9504207968711853,1.68672776222229,1.8435200452804565,0.9487,0.8447080279852637,0.8387185683223244,0.8511774588664599,0.9481680615623842,0.9955186631968589,0.9463672637939453,1.7299444675445557,1.8484879732131958,0.955,0.8385267232006338,0.8320570297268866,0.8463456066571167,0.9542098795759625,0.9959343725531311,0.6190476190476191,0.16826111631710064,1.0,1.0,0.011498702989358987,0.005427782113353412,0.006070920876005575,0.35,3,270.95634412765503
PEMS-BAY,FLTrust,Byzantine_Noise,45,40,10,7825,0.3,0.35,0.9710052013397217,1.7220343351364136,1.8929975032806396,0.9478,0.8395734064001532,0.83784804136299,0.8418496072363937,0.9477278436445861,0.9957295170388498,0.9747722744941711,1.7787890434265137,1.909551978111267,0.9523,0.8318769477484651,0.8323606548624618,0.8321913136150473,0.9519850892091365,0.996006916126998,0.6190476190476191,0.0029640883338799707,1.0,1.0,0.026425831019878387,0.00018330983584746718,0.02624252118403092,0.35,3,271.5819215774536
PEMS-BAY,FLTrust,Byzantine_Noise,46,40,10,7825,0.3,0.35,0.9514343738555908,1.6825791597366333,1.8405036926269531,0.94855,0.8431553142036343,0.8309334373114936,0.8567541741589713,0.9476043205351844,0.9956083322499707,0.9552624225616455,1.7351961135864258,1.8673641681671143,0.95465,0.838488468979361,0.8269887666102035,0.8516807447054292,0.9534825463396158,0.9960812141033136,0.6428571428571428,0.08346667133395885,1.0,1.0,0.01022281391280038,0.002172261301893741,0.008050552610906639,0.35,3,272.71380043029785
PEMS-BAY,FLTrust,Byzantine_Noise,47,40,10,7825,0.3,0.35,0.9348888397216797,1.6679010391235352,1.8043620586395264,0.951,0.8525421353022166,0.8476124230257198,0.858561203867621,0.9503751043938875,0.9956510883646716,0.934960663318634,1.7146638631820679,1.8211294412612915,0.9559,0.8437199937955953,0.8394928364574661,0.8495015789187607,0.9550718694101089,0.9961378461292956,1.0,0.01878838174607744,1.0,1.0,0.028818684962711165,0.0012875900914271672,0.027531094871284,0.35,3,271.6706476211548
PEMS-BAY,Multi-Krum,Byzantine_Noise,42,40,10,7825,0.3,0.35,0.9156774282455444,1.6342045068740845,1.761344075202942,0.9519,0.8523894486756889,0.8447613413107898,0.8614240887769835,0.9512628565972964,0.9959494271032024,0.9182137846946716,1.6857131719589233,1.7885997295379639,0.95615,0.8436223841201415,0.8366040623508338,0.8518392433376849,0.9553217681648337,0.996344464991791,1.0,0.0,1.0,0.14285714285714285,0.6666666666666666,0.11111111111111112,0.5555555555555555,0.35,3,248.02186346054077
PEMS-BAY,Multi-Krum,Byzantine_Noise,43,40,10,7825,0.3,0.35,0.9227715134620667,1.6515424251556396,1.7730977535247803,0.95095,0.8507558571992064,0.8486656380016292,0.8539874717851635,0.9506888408860703,0.9957793933716569,0.9240370392799377,1.6833012104034424,1.7940540313720703,0.9567,0.8485859152061896,0.846732423977825,0.8516529684086894,0.9561824796795703,0.9963039983832482,1.0,0.0,1.0,0.14285714285714285,0.6666666666666667,0.11111111111111112,0.5555555555555556,0.35,3,248.77552461624146
PEMS-BAY,Multi-Krum,Byzantine_Noise,44,40,10,7825,0.3,0.35,0.9250144362449646,1.6417165994644165,1.7863610982894897,0.9509,0.8503766634837533,0.8479650472699796,0.8533974367688018,0.9506595486055689,0.9958271488842818,0.9238255023956299,1.6902564764022827,1.7994264364242554,0.95635,0.8454265665329338,0.8412821078416604,0.8509829478644682,0.9557268144139162,0.9962235177774941,1.0,0.0,1.0,0.14285714285714285,0.6666666666666666,0.11111111111111112,0.5555555555555555,0.35,3,249.05882954597473
PEMS-BAY,Multi-Krum,Byzantine_Noise,45,40,10,7825,0.3,0.35,0.9268773198127747,1.6581921577453613,1.8022669553756714,0.9506,0.8499330199957983,0.842579211676893,0.858380084343578,0.9499667601179217,0.9957554593698807,0.9319512844085693,1.7042262554168701,1.827524185180664,0.95595,0.8416646803495815,0.8356390501195238,0.849211965994086,0.9551185542776649,0.9962576537985783,1.0,0.0,1.0,0.14285714285714285,0.6666666666666666,0.11111111111111112,0.5555555555555555,0.35,3,248.44055151939392
PEMS-BAY,Multi-Krum,Byzantine_Noise,46,40,10,7825,0.3,0.35,0.9147780537605286,1.6254754066467285,1.7588038444519043,0.95185,0.8544334398830742,0.847553891489864,0.862300040243278,0.9514335844742831,0.9957728241983184,0.9205207228660583,1.6846203804016113,1.7929024696350098,0.95675,0.8466239819165077,0.8398256705470974,0.8543446566923963,0.9560514121605853,0.996274574030305,1.0,0.0,1.0,0.14285714285714285,0.6666666666666667,0.11111111111111112,0.5555555555555556,0.35,3,247.38142013549805
PEMS-BAY,Multi-Krum,Byzantine_Noise,47,40,10,7825,0.3,0.35,0.917592465877533,1.6238340139389038,1.7661232948303223,0.9514,0.8547786616341124,0.8471615901296341,0.8631495823838456,0.950948138856854,0.9959432922132668,0.9230698347091675,1.6782453060150146,1.797561526298523,0.9564,0.8445342820037551,0.836211094596673,0.8537034035556708,0.9556819140028167,0.9962273056023825,1.0,0.0,1.0,0.14285714285714285,0.6666666666666666,0.11111111111111112,0.5555555555555555,0.35,3,250.47226095199585
PEMS-BAY,Static-Mamdani-FL,Byzantine_Noise,42,40,10,7825,0.3,0.35,1.0643094778060913,1.735526204109192,2.120368480682373,0.94575,0.8233609653170809,0.8026447599105623,0.8484332998079281,0.9447947680849867,0.9956287592408544,1.062735915184021,1.779172420501709,2.1503453254699707,0.9509,0.8213176303472471,0.8009390835769661,0.8439593127873813,0.9496830618249849,0.9963344773164187,1.0,0.1412585024815759,0.6666666666666666,0.0,0.8714350186371905,0.3344752146751702,0.5369598039620203,0.35,3,248.7515766620636
PEMS-BAY,Static-Mamdani-FL,Byzantine_Noise,43,40,10,7825,0.3,0.35,1.510828971862793,2.076674461364746,2.7160873413085938,0.94345,0.8276552034686093,0.8013457608519914,0.8610972065743802,0.9402573593703244,0.9956569396433462,1.519430160522461,2.1303441524505615,2.7527902126312256,0.9482,0.8182307145928588,0.7941443085712668,0.8498315100086057,0.9451799255997101,0.9961923548113022,1.0,0.16034857211660078,0.0,0.0,0.8768588340937874,0.3907261994993951,0.4861326345943923,0.35,3,249.9340569972992
PEMS-BAY,Static-Mamdani-FL,Byzantine_Noise,44,40,10,7825,0.3,0.35,1.1354243755340576,1.7534881830215454,2.096912384033203,0.9451,0.8420589902988176,0.8402754606992732,0.8457424472720394,0.9453416093053362,0.995536798160831,1.1390669345855713,1.8078032732009888,2.1203157901763916,0.95295,0.8380803910136475,0.837272770125265,0.8398984181240937,0.95275261780474,0.9962498875102043,1.0,0.15076421252740935,0.3333333333333333,0.0,0.8639615207820178,0.357883076287658,0.5060784444943598,0.35,3,249.84904265403748
PEMS-BAY,Static-Mamdani-FL,Byzantine_Noise,45,40,10,7825,0.3,0.35,1.1772807836532593,1.7897990942001343,2.1626696586608887,0.9419,0.8456508893783969,0.8607606165871188,0.8333656731336683,0.9437439498413872,0.9957122529859994,1.1881599426269531,1.8409470319747925,2.195131778717041,0.949,0.8416257280102913,0.8553288239615476,0.8301756625664032,0.9502594501402911,0.9962231121052147,1.0,0.1409047755606352,0.3333333333333333,0.0,0.8853015316795899,0.3388070264827882,0.5464945051968018,0.35,3,249.9043185710907
PEMS-BAY,Static-Mamdani-FL,Byzantine_Noise,46,40,10,7825,0.3,0.35,2.269456148147583,2.737734317779541,3.9316086769104004,0.9324,0.808951098426486,0.771133161370906,0.863775072762542,0.9263344366850772,0.9951527125104429,2.286463499069214,2.7821497917175293,3.980717897415161,0.93895,0.795550627104644,0.7605521477913927,0.8463211782420785,0.9333361552110743,0.9958898901635942,1.0,0.15656638868113285,0.6666666666666666,0.0,0.7697351550004885,0.3334001091467999,0.4363350458536886,0.35,3,250.53557562828064
PEMS-BAY,Static-Mamdani-FL,Byzantine_Noise,47,40,10,7825,0.3,0.35,1.0173778533935547,1.7200727462768555,2.0380561351776123,0.9449,0.8240935727709271,0.7994695976557804,0.8535727164472648,0.943494178125695,0.9956191035045435,1.0351121425628662,1.805812954902649,2.092973232269287,0.9502,0.8150919519718418,0.7913267740455969,0.8418395369984223,0.9485393941394817,0.9961860049209551,1.0,0.13663195896409455,0.6666666666666666,0.0,0.9105809327279566,0.33624177061764904,0.5743391621103076,0.35,3,251.6105499267578
PEMS-BAY,ZeroTrust-ANFIS-FL,Byzantine_Noise,42,40,10,7825,0.3,0.35,0.9163886904716492,1.6315871477127075,1.768188238143921,0.9514,0.852131019433102,0.8460355355272698,0.8590195853755924,0.9509598702857857,0.995929281914208,0.9208385944366455,1.6800304651260376,1.7954514026641846,0.9567,0.8459517269868103,0.8391645635251601,0.853443086939019,0.956030561304086,0.9963356753957319,1.0,0.0,1.0,0.0,0.6935473982585165,0.225688508694719,0.4678588895637975,0.4572065941329491,3,249.98720264434814
PEMS-BAY,ZeroTrust-ANFIS-FL,Byzantine_Noise,43,40,10,7825,0.3,0.35,0.9259545803070068,1.6546193361282349,1.78429114818573,0.95095,0.8493993508117038,0.8489631164587177,0.851356040842342,0.9507116305372536,0.9958681221099778,0.9256677627563477,1.6896741390228271,1.8017358779907227,0.95685,0.8475755784923157,0.8463902429556999,0.8504235660494365,0.9563367004649572,0.9963128418882065,1.0,0.0,1.0,0.0,0.6923008806320852,0.2468451244504206,0.44545575618166455,0.5031364592667036,3,249.57960200309753
PEMS-BAY,ZeroTrust-ANFIS-FL,Byzantine_Noise,44,40,10,7825,0.3,0.35,0.9219213724136353,1.6288580894470215,1.7778493165969849,0.9507,0.8503917756869578,0.8453028978251231,0.8562407028450739,0.9504582326379812,0.9958486857685633,0.9241470694541931,1.6875158548355103,1.8022403717041016,0.956,0.8419266204423741,0.8364953258638979,0.8478967179297641,0.9554720081477469,0.9962828065054834,1.0,0.0,1.0,0.0,0.6895634168525934,0.22457745979061294,0.4649859570619804,0.46071295852957983,3,248.8628351688385
PEMS-BAY,ZeroTrust-ANFIS-FL,Byzantine_Noise,45,40,10,7825,0.3,0.35,0.9306476712226868,1.6702030897140503,1.802362084388733,0.95065,0.8494255248348124,0.8433874043856218,0.8567032503436088,0.9499996824718544,0.9957153631777241,0.9361277222633362,1.7233214378356934,1.8264955282211304,0.95515,0.8425782087466704,0.8372777678017744,0.8493899329466466,0.9543363308088687,0.9961982133997769,1.0,0.0,1.0,0.0,0.6937932196637672,0.20035234848114006,0.49344087118262714,0.4565710400746551,3,251.36559200286865
PEMS-BAY,ZeroTrust-ANFIS-FL,Byzantine_Noise,46,40,10,7825,0.3,0.35,0.9169354438781738,1.6251280307769775,1.7620434761047363,0.95185,0.8533411672344255,0.8444795883278203,0.8635850210113969,0.9512408050344202,0.9958163472750495,0.9243093729019165,1.6880842447280884,1.8015966415405273,0.9564,0.8453950936402128,0.8372297379171526,0.8545819415701823,0.9555531241512119,0.9962854935398245,1.0,0.0,1.0,0.0,0.709641693331981,0.1984684506072463,0.5111732427247347,0.4481365613727779,3,250.00282669067383
PEMS-BAY,ZeroTrust-ANFIS-FL,Byzantine_Noise,47,40,10,7825,0.3,0.35,0.9227839708328247,1.6381311416625977,1.7809929847717285,0.95105,0.8522413385368095,0.8433058407908405,0.8622091510865564,0.95048708665451,0.9957585180925806,0.9264310598373413,1.6891322135925293,1.811651349067688,0.95595,0.8435192663575404,0.8343789911386986,0.8537813712578206,0.9550999747719668,0.9961526362033094,1.0,0.0,1.0,0.0,0.6868700877342387,0.2426273958258375,0.44424269190840127,0.49194748487935014,3,250.62201070785522
PEMS-BAY,FedAvg,Label_Flipping,42,40,10,7825,0.3,0.35,3.012700080871582,4.376758098602295,6.980816841125488,0.885,0.39324972954220944,0.3900354820389577,0.5958082519480978,0.872521587449244,0.9949939478546698,3.080968141555786,4.412201404571533,7.052057266235352,0.8943,0.39848150374557406,0.3957695641085949,0.600439787431587,0.8823410138442843,0.9956336607435601,0.5,0.3,0.0,0.0,0.5,0.5,0.0,0.35,3,248.4343569278717
PEMS-BAY,FedAvg,Label_Flipping,43,40,10,7825,0.3,0.35,2.340200185775757,3.0251693725585938,4.793732643127441,0.92485,0.6564397374385124,0.6329316025471166,0.754070851999354,0.9217594446995303,0.9952098372105925,2.4181394577026367,3.1120550632476807,4.919241428375244,0.93295,0.6733290530811816,0.6493692956929391,0.7621870430330262,0.9304109085759181,0.9956148751520386,0.5,0.3,0.0,0.0,0.5,0.5,0.0,0.35,3,247.00022721290588
PEMS-BAY,FedAvg,Label_Flipping,44,40,10,7825,0.3,0.35,2.730051279067993,3.456998586654663,5.465432167053223,0.9151,0.6382982332442012,0.62558413843699,0.7385524422103755,0.9132395437095332,0.9907972600638573,2.801090717315674,3.469273090362549,5.555160045623779,0.9256,0.6528774447815617,0.6374767212749537,0.748001910284667,0.9233945801284456,0.9935329073835134,0.5,0.3,0.0,0.0,0.5,0.5,0.0,0.35,3,248.1019642353058
PEMS-BAY,FedAvg,Label_Flipping,45,40,10,7825,0.3,0.35,2.1035146713256836,2.95271897315979,4.545902729034424,0.90355,0.5969724576115844,0.5529368732110868,0.7243896787638644,0.8944257312835192,0.9950442515552367,2.1394448280334473,3.0347251892089844,4.604547023773193,0.91485,0.6147220155346409,0.5686912845912419,0.7336144630867045,0.9070236147664237,0.9955261882906189,0.5,0.3,0.0,0.0,0.5,0.5,0.0,0.35,3,248.1468255519867
PEMS-BAY,FedAvg,Label_Flipping,46,40,10,7825,0.3,0.35,2.5149753093719482,3.067214250564575,4.93973445892334,0.92125,0.689273772316839,0.6792287863523617,0.759971541826592,0.9213836185965687,0.9951287223312626,2.587592363357544,3.147644281387329,5.067012786865234,0.93075,0.6986707790440866,0.6883679940778533,0.7661832593656206,0.93053335883826,0.9957671380297709,0.5,0.3,0.0,0.0,0.5,0.5,0.0,0.35,3,247.65323209762573
PEMS-BAY,FedAvg,Label_Flipping,47,40,10,7825,0.3,0.35,2.173262119293213,3.659734010696411,5.42207145690918,0.87455,0.394921641752185,0.37694158932608046,0.6028830666129161,0.8581620744969894,0.9956151717561474,2.1789910793304443,3.678494930267334,5.407812595367432,0.8862,0.4032155219856068,0.3848814662447227,0.6070324708747871,0.8712189106529684,0.9957849277995299,0.5,0.3,0.0,0.0,0.5,0.5,0.0,0.35,3,247.94608664512634
PEMS-BAY,FedProx,Label_Flipping,42,40,10,7825,0.3,0.35,3.007680892944336,4.90762996673584,7.5769758224487305,0.86845,0.32349427515028933,0.3207918235645372,0.33352968246797493,0.8501552782192823,0.9958067095136143,3.0720272064208984,4.973763942718506,7.672668933868408,0.8796,0.32479877375813004,0.3234498522303326,0.3318032966546368,0.8625691330511097,0.996071973737676,0.5,0.3,0.0,0.0,0.5,0.5,0.0,0.35,3,396.7665560245514
PEMS-BAY,FedProx,Label_Flipping,43,40,10,7825,0.3,0.35,3.10644793510437,5.036128997802734,7.791543006896973,0.86425,0.312537604776015,0.3089153212992876,0.32374663268372306,0.8445059575118634,0.9957882504108863,3.1682610511779785,5.0880889892578125,7.874312877655029,0.87605,0.3140858240738346,0.3116650387553427,0.3224656428945685,0.8578130518742013,0.9961461577149029,0.5,0.3,0.0,0.0,0.5,0.5,0.0,0.35,3,396.7820625305176
PEMS-BAY,FedProx,Label_Flipping,44,40,10,7825,0.3,0.35,3.092317581176758,5.208101749420166,7.968752861022949,0.86625,0.3133517418568325,0.31131093604488397,0.3220330407652413,0.8466665528338916,0.995605621251471,3.152705192565918,5.262994289398193,8.054526329040527,0.8769,0.3125087016212637,0.3126501153807152,0.31774565519914144,0.858444587801451,0.9959981551598046,0.5,0.3,0.0,0.0,0.5,0.5,0.0,0.35,3,396.9928081035614
PEMS-BAY,FedProx,Label_Flipping,45,40,10,7825,0.3,0.35,3.2240688800811768,5.235152244567871,8.085104942321777,0.8552,0.29127801462106173,0.28675986208323606,0.30464844397519214,0.8314623641995087,0.9954697643416943,3.2779695987701416,5.279425621032715,8.152583122253418,0.8684,0.2939330287934499,0.2908170551728942,0.30427741481227677,0.8468559286276953,0.9959102458581206,0.5,0.3,0.0,0.0,0.5,0.5,0.0,0.35,3,395.8497018814087
PEMS-BAY,FedProx,Label_Flipping,46,40,10,7825,0.3,0.35,3.2145512104034424,5.327867031097412,8.200109481811523,0.86215,0.3043491310369106,0.30154161518844946,0.31444233356849594,0.8409027787965372,0.9957219784240178,3.2774643898010254,5.384636878967285,8.288408279418945,0.8734,0.30292587648356156,0.3020440570381252,0.3093087535671922,0.8535979617847579,0.9960892917667394,0.5,0.3,0.0,0.0,0.5,0.5,0.0,0.35,3,398.0024061203003
PEMS-BAY,FedProx,Label_Flipping,47,40,10,7825,0.3,0.35,3.0772829055786133,5.017295837402344,7.710885047912598,0.8659,0.3137180845068577,0.3101310435567742,0.3230141652041236,0.8463171886350598,0.9956420982579418,3.1376264095306396,5.063797473907471,7.787240982055664,0.8765,0.31369277428653586,0.31154532445527144,0.32016882020235027,0.8581863969787541,0.9960831867613555,0.5,0.3,0.0,0.0,0.5,0.5,0.0,0.35,3,398.6011998653412
PEMS-BAY,SCAFFOLD,Label_Flipping,42,40,10,7825,0.3,0.35,1.0691841840744019,1.82552969455719,2.0711047649383545,0.94225,0.8188420061376507,0.795324298558166,0.8480945210426988,0.9392384823741384,0.995586336756094,1.1048705577850342,1.9563831090927124,2.1604766845703125,0.94625,0.80731989302889,0.7843859243699253,0.8372098471429291,0.9432204047873102,0.9955185066255084,0.5,0.3,0.0,0.0,0.5,0.5,0.0,0.35,3,252.95962357521057
PEMS-BAY,SCAFFOLD,Label_Flipping,43,40,10,7825,0.3,0.35,1.4286202192306519,2.224248170852661,2.8941056728363037,0.9268,0.7625028910554356,0.7462623383626737,0.8094111911435284,0.9200791562547654,0.9954805291051018,1.4306272268295288,2.3077948093414307,2.8965489864349365,0.93425,0.755167104294397,0.7401583337214754,0.8016927210134959,0.9282212161103748,0.995690887150797,0.5,0.3,0.0,0.0,0.5,0.5,0.0,0.35,3,253.29887914657593
PEMS-BAY,SCAFFOLD,Label_Flipping,44,40,10,7825,0.3,0.35,3.6746389865875244,6.004029273986816,8.984307289123535,0.83595,0.24923345328142074,0.24820791368802292,0.2607557212348877,0.7988833970391139,0.9868902573784188,3.7367889881134033,6.056086540222168,9.049617767333984,0.85075,0.2459958592900861,0.24494783584743546,0.2554905112846547,0.8173413714555644,0.9856127546149881,0.5,0.3,0.0,0.0,0.5,0.5,0.0,0.35,3,252.6709268093109
PEMS-BAY,SCAFFOLD,Label_Flipping,45,40,10,7825,0.3,0.35,1.2405791282653809,1.9578348398208618,2.337486743927002,0.9406,0.8117951067419604,0.79465957685157,0.8382034150450272,0.9372648276471326,0.9951434274224253,1.2773792743682861,2.0722835063934326,2.4177024364471436,0.94525,0.8040612636695906,0.7878696988166067,0.8300321915858915,0.9419969798050979,0.9953518565106569,0.5,0.3,0.0,0.0,0.5,0.5,0.0,0.35,3,253.28487539291382
PEMS-BAY,SCAFFOLD,Label_Flipping,46,40,10,7825,0.3,0.35,1.2042901515960693,2.2331244945526123,2.7434768676757812,0.9377,0.7700060127024632,0.7714979718309045,0.7928342635387766,0.9348305307326167,0.9954634685172794,1.2159149646759033,2.3244378566741943,2.7585906982421875,0.9406,0.7564142793954776,0.7577875381302387,0.7811758642574632,0.9375873684015461,0.99559095950487,0.5,0.3,0.0,0.0,0.5,0.5,0.0,0.35,3,252.2218644618988
PEMS-BAY,SCAFFOLD,Label_Flipping,47,40,10,7825,0.3,0.35,1.131301999092102,1.8917689323425293,2.3039541244506836,0.93455,0.7862549464148284,0.7482401712717393,0.8336416070788072,0.9305353674241975,0.9954934063571172,1.1545137166976929,2.003441333770752,2.37764048576355,0.94005,0.7774432206717204,0.7424955006129883,0.8201263575367008,0.9361510462194963,0.9956502401947884,0.5,0.3,0.0,0.0,0.5,0.5,0.0,0.35,3,253.59685468673706
PEMS-BAY,FLTrust,Label_Flipping,42,40,10,7825,0.3,0.35,1.2359222173690796,1.926194190979004,2.609471321105957,0.94285,0.7885309090281285,0.7637032419187626,0.8311152812031797,0.9418156796673779,0.9957370999191691,1.2565151453018188,1.9853183031082153,2.6707041263580322,0.9483,0.7885771748859576,0.7616848776244909,0.8287693475975173,0.9471093663898656,0.9963480036998037,0.8571428571428572,0.05911025120482223,1.0,1.0,0.02670120314827987,0.003914097944895427,0.022787105203384443,0.35,3,271.5821144580841
PEMS-BAY,FLTrust,Label_Flipping,43,40,10,7825,0.3,0.35,0.9967054724693298,1.7531434297561646,1.9199827909469604,0.9494,0.8419826650242603,0.8441019590962835,0.841778218549688,0.9487961874201813,0.9959407400221771,0.9936425685882568,1.7635698318481445,1.9274169206619263,0.95455,0.8353549262980113,0.8381174573038186,0.834872669148751,0.9538437957227408,0.9963063544537137,1.0,0.0,1.0,1.0,0.04183121948569481,0.0,0.04183121948569481,0.35,3,271.0906128883362
PEMS-BAY,FLTrust,Label_Flipping,44,40,10,7825,0.3,0.35,1.261351227760315,2.140850305557251,2.717733383178711,0.94105,0.7913191911138673,0.8090659250503727,0.7871373901716432,0.9406712585798895,0.9958182572325102,1.2561992406845093,2.1567556858062744,2.7044219970703125,0.9454,0.7771577471062792,0.7941717468548445,0.7759841465066419,0.9447450137707578,0.9961670921080334,0.9285714285714286,0.0,1.0,1.0,0.04403741817389216,0.0,0.04403741817389216,0.35,3,272.9667909145355
PEMS-BAY,FLTrust,Label_Flipping,45,40,10,7825,0.3,0.35,0.9352808594703674,1.6620155572891235,1.8252687454223633,0.94995,0.8506730004967776,0.8414358245007797,0.8609767293062746,0.9493520112351272,0.9956549436490078,0.9418457746505737,1.7305338382720947,1.85642671585083,0.95485,0.839566517234324,0.8306636840654884,0.8494896432776333,0.9539944559043155,0.9961776764929576,0.9285714285714286,0.0,1.0,1.0,0.01706799931292023,0.0,0.01706799931292023,0.35,3,272.7384383678436
PEMS-BAY,FLTrust,Label_Flipping,46,40,10,7825,0.3,0.35,1.585347056388855,2.462794780731201,3.6344728469848633,0.92565,0.666553087050683,0.6368488112847596,0.7610122887799935,0.9222603241105151,0.995984708943923,1.6050692796707153,2.5182583332061768,3.6622307300567627,0.93155,0.6734293549515715,0.6410482590984788,0.7627289519811254,0.9283992164198236,0.9962291871406659,0.7619047619047619,0.1894590425652551,1.0,1.0,0.03278309984930924,0.017879986204206944,0.014903113645102294,0.35,3,272.381395816803
PEMS-BAY,FLTrust,Label_Flipping,47,40,10,7825,0.3,0.35,1.2255868911743164,2.0370144844055176,2.5466063022613525,0.9453,0.8117010089863591,0.8230446793362255,0.8106590518145648,0.9446246259257725,0.9958600282713088,1.227018117904663,2.062795639038086,2.5533485412597656,0.9499,0.8018272369198831,0.8130067285397642,0.8013968414810562,0.9490503107237295,0.9963406971885076,1.0,0.0,1.0,1.0,0.21615183992045267,0.0,0.21615183992045267,0.35,3,272.5993866920471
PEMS-BAY,Multi-Krum,Label_Flipping,42,40,10,7825,0.3,0.35,0.9156774282455444,1.6342045068740845,1.761344075202942,0.9519,0.8523894486756889,0.8447613413107898,0.8614240887769835,0.9512628565972964,0.9959494271032024,0.9182137846946716,1.6857131719589233,1.7885997295379639,0.95615,0.8436223841201415,0.8366040623508338,0.8518392433376849,0.9553217681648337,0.996344464991791,1.0,0.0,1.0,0.14285714285714285,0.6666666666666666,0.11111111111111112,0.5555555555555555,0.35,3,247.56373929977417
PEMS-BAY,Multi-Krum,Label_Flipping,43,40,10,7825,0.3,0.35,0.9227715134620667,1.6515424251556396,1.7730977535247803,0.95095,0.8507558571992064,0.8486656380016292,0.8539874717851635,0.9506888408860703,0.9957793933716569,0.9240370392799377,1.6833012104034424,1.7940540313720703,0.9567,0.8485859152061896,0.846732423977825,0.8516529684086894,0.9561824796795703,0.9963039983832482,1.0,0.0,1.0,0.14285714285714285,0.6666666666666667,0.11111111111111112,0.5555555555555556,0.35,3,248.02719855308533
PEMS-BAY,Multi-Krum,Label_Flipping,44,40,10,7825,0.3,0.35,0.9250144362449646,1.6417165994644165,1.7863610982894897,0.9509,0.8503766634837533,0.8479650472699796,0.8533974367688018,0.9506595486055689,0.9958271488842818,0.9238255023956299,1.6902564764022827,1.7994264364242554,0.95635,0.8454265665329338,0.8412821078416604,0.8509829478644682,0.9557268144139162,0.9962235177774941,1.0,0.0,1.0,0.14285714285714285,0.6666666666666666,0.11111111111111112,0.5555555555555555,0.35,3,247.95477533340454
PEMS-BAY,Multi-Krum,Label_Flipping,45,40,10,7825,0.3,0.35,0.9268773198127747,1.6581921577453613,1.8022669553756714,0.9506,0.8499330199957983,0.842579211676893,0.858380084343578,0.9499667601179217,0.9957554593698807,0.9319512844085693,1.7042262554168701,1.827524185180664,0.95595,0.8416646803495815,0.8356390501195238,0.849211965994086,0.9551185542776649,0.9962576537985783,1.0,0.0,1.0,0.14285714285714285,0.6666666666666666,0.11111111111111112,0.5555555555555555,0.35,3,247.11109328269958
PEMS-BAY,Multi-Krum,Label_Flipping,46,40,10,7825,0.3,0.35,0.9147780537605286,1.6254754066467285,1.7588038444519043,0.95185,0.8544334398830742,0.847553891489864,0.862300040243278,0.9514335844742831,0.9957728241983184,0.9205207228660583,1.6846203804016113,1.7929024696350098,0.95675,0.8466239819165077,0.8398256705470974,0.8543446566923963,0.9560514121605853,0.996274574030305,1.0,0.0,1.0,0.14285714285714285,0.6666666666666667,0.11111111111111112,0.5555555555555556,0.35,3,247.6185495853424
PEMS-BAY,Multi-Krum,Label_Flipping,47,40,10,7825,0.3,0.35,0.917592465877533,1.6238340139389038,1.7661232948303223,0.9514,0.8547786616341124,0.8471615901296341,0.8631495823838456,0.950948138856854,0.9959432922132668,0.9230698347091675,1.6782453060150146,1.797561526298523,0.9564,0.8445342820037551,0.836211094596673,0.8537034035556708,0.9556819140028167,0.9962273056023825,1.0,0.0,1.0,0.14285714285714285,0.6666666666666666,0.11111111111111112,0.5555555555555555,0.35,3,246.866277217865
PEMS-BAY,Static-Mamdani-FL,Label_Flipping,42,40,10,7825,0.3,0.35,1.7449697256088257,2.358008623123169,3.5786385536193848,0.9361,0.7390585428563404,0.7151718426067477,0.8007340329240268,0.9347704126552282,0.9955951783796628,1.7942804098129272,2.4358882904052734,3.6725189685821533,0.9423,0.7476282037448411,0.7202440121961644,0.8037608985915924,0.9409679513351393,0.996035445041311,1.0,0.19270015577649124,0.0,0.0,0.8560236914012757,0.4767709292616778,0.37925276213959785,0.35,3,249.98388409614563
PEMS-BAY,Static-Mamdani-FL,Label_Flipping,43,40,10,7825,0.3,0.35,1.6844415664672852,2.4058845043182373,3.6542811393737793,0.93175,0.7031807588624133,0.6728813837118424,0.7925330267937601,0.9284467653367694,0.9956725033487605,1.7270957231521606,2.484077215194702,3.743328094482422,0.9376,0.7090043924984204,0.676775355083383,0.7906672286833081,0.9346959065333406,0.996187693563954,1.0,0.19654270847343386,0.0,0.0,0.8436401904289144,0.48153536318124623,0.3621048272476681,0.35,3,251.31042289733887
PEMS-BAY,Static-Mamdani-FL,Label_Flipping,44,40,10,7825,0.3,0.35,1.8292648792266846,2.7339649200439453,4.191926002502441,0.91825,0.6116945580387017,0.5884981192136726,0.7464316410351802,0.9121290818370691,0.9954014396562841,1.8605014085769653,2.792475700378418,4.2494635581970215,0.9268,0.6319511558419508,0.6040670758146403,0.7544695955122533,0.9213205026157125,0.9959764040855703,1.0,0.19300149599099517,0.0,0.0,0.8661569731519079,0.4833495705614492,0.38280740259045865,0.35,3,252.11269760131836
PEMS-BAY,Static-Mamdani-FL,Label_Flipping,45,40,10,7825,0.3,0.35,1.8230518102645874,2.768831253051758,4.206671714782715,0.9146,0.6004070929747715,0.5722079137838675,0.7367313119604134,0.9078603885610713,0.99558762507782,1.8620235919952393,2.8460702896118164,4.276699066162109,0.9221,0.6082499947902568,0.5776183610303283,0.7402549662175698,0.915677380091446,0.995962178918301,1.0,0.1964262295777932,0.0,0.0,0.8495886422636543,0.48457299912033114,0.36501564314332313,0.35,3,251.62891173362732
PEMS-BAY,Static-Mamdani-FL,Label_Flipping,46,40,10,7825,0.3,0.35,1.7997156381607056,2.4415106773376465,3.7459683418273926,0.9339,0.7235388430325855,0.7025215403428515,0.7954813093131816,0.9322959633075801,0.9955709979762186,1.8506019115447998,2.5151655673980713,3.8427093029022217,0.9417,0.7363778599209272,0.7135851889439957,0.7998987618827215,0.9403365507063223,0.9960818277958704,1.0,0.2148747049221454,0.0,0.0,0.755115141060146,0.48221008330064263,0.27290505775950336,0.35,3,250.4179549217224
PEMS-BAY,Static-Mamdani-FL,Label_Flipping,47,40,10,7825,0.3,0.35,1.7055327892303467,2.48132586479187,3.7617762088775635,0.92705,0.675285400156816,0.6453042941974261,0.7723545560416911,0.9233017297328632,0.9958607960035379,1.7499969005584717,2.5606470108032227,3.8312442302703857,0.9335,0.6889519504426205,0.6558133831486972,0.7765441715690478,0.9301764115453803,0.9959101461526814,1.0,0.19285766913483238,0.0,0.0,0.8807265232816573,0.49102618192209696,0.3897003413595604,0.35,3,250.62164735794067
PEMS-BAY,ZeroTrust-ANFIS-FL,Label_Flipping,42,40,10,7825,0.3,0.35,0.9198247790336609,1.6528279781341553,1.7675684690475464,0.9517,0.8531844955909298,0.8484049071128463,0.8592298714578274,0.9512785792283069,0.9958375257989268,0.9205341935157776,1.6881496906280518,1.7894691228866577,0.95655,0.8472876575911622,0.8426976991714786,0.8533233054084459,0.9558370452058962,0.9964424701556875,1.0,0.0,1.0,0.0,0.7023008180784468,0.38563491502083963,0.31666590305760717,0.5271734407076755,3,249.3826093673706
PEMS-BAY,ZeroTrust-ANFIS-FL,Label_Flipping,43,40,10,7825,0.3,0.35,0.9232822060585022,1.6529338359832764,1.7717341184616089,0.9506,0.8493641142490139,0.8459726818858903,0.8534923447264458,0.9503697413851849,0.9957879543295528,0.9272110462188721,1.695199728012085,1.8023308515548706,0.9562,0.8457285127447157,0.8425500657293412,0.8497311805289993,0.9556943476824288,0.9961928041740121,1.0,0.0,1.0,0.0,0.6933809554852557,0.3923264706955905,0.3010544847896652,0.536078222626679,3,249.31632924079895
PEMS-BAY,ZeroTrust-ANFIS-FL,Label_Flipping,44,40,10,7825,0.3,0.35,0.9223347902297974,1.631641149520874,1.7748759984970093,0.95085,0.8511093529033564,0.846139088834887,0.8571586735681764,0.950518510832223,0.9959252212902869,0.926342785358429,1.6879138946533203,1.7976477146148682,0.95635,0.8465113326456007,0.841233256413442,0.8530496178477481,0.9557168707042347,0.9961839490865891,1.0,0.0,1.0,0.0,0.6932593170816853,0.3938525421024151,0.2994067749792702,0.5392428488656229,3,249.5577437877655
PEMS-BAY,ZeroTrust-ANFIS-FL,Label_Flipping,45,40,10,7825,0.3,0.35,0.9258005619049072,1.6461023092269897,1.7968552112579346,0.9507,0.8502192011574247,0.8411325939086292,0.8604929923489468,0.949935258371924,0.9958328816025284,0.930666983127594,1.6988086700439453,1.8203908205032349,0.9552,0.8402862065132679,0.8325815142233857,0.8496767531597123,0.9542340894760944,0.9962413067086973,1.0,0.0,1.0,0.0,0.6946540361119269,0.3944144934084997,0.3002395427034272,0.534017810781203,3,249.6761634349823
PEMS-BAY,ZeroTrust-ANFIS-FL,Label_Flipping,46,40,10,7825,0.3,0.35,0.916168749332428,1.630855917930603,1.7622230052947998,0.95175,0.8546547416572349,0.8485360553828307,0.8618838190761082,0.9511931608233847,0.9958588882287942,0.9246981739997864,1.6957353353500366,1.8003087043762207,0.9563,0.8447724275210102,0.8396123593470264,0.8511554798738729,0.9555525370247727,0.9961985682026399,1.0,0.0,1.0,0.0,0.688354049834054,0.3750241567759167,0.3133298930581373,0.5152033407593123,3,250.60664772987366
PEMS-BAY,ZeroTrust-ANFIS-FL,Label_Flipping,47,40,10,7825,0.3,0.35,0.9240351319313049,1.641041874885559,1.7876776456832886,0.95035,0.8498488032127168,0.8409881197167584,0.8597635509437612,0.9498265498163037,0.995830272346393,0.9273285269737244,1.6892971992492676,1.8162786960601807,0.9562,0.8429135914896438,0.8353634051693947,0.8513432398702587,0.9554965900623807,0.9961578726042846,1.0,0.0,1.0,0.0,0.7021457532133943,0.39090500425773195,0.3112407489556624,0.5412194985818759,3,250.2922534942627
PEMS-BAY,FedAvg,Sybil_Poisoning,42,40,10,7825,0.3,0.35,3.1804590225219727,3.508861541748047,5.899548053741455,0.8432,0.6792033267571096,0.7355986913612591,0.7285562690779102,0.8612189940434051,0.9957968414425657,3.220155954360962,3.56101655960083,5.958995342254639,0.86405,0.6892425157616955,0.7432917272089651,0.7292089560681433,0.8804744175039682,0.9962211629343625,0.5,0.3,0.0,0.0,0.5,0.5,0.0,0.35,3,247.29945468902588
PEMS-BAY,FedAvg,Sybil_Poisoning,43,40,10,7825,0.3,0.35,3.416249990463257,3.780196189880371,6.452683925628662,0.82835,0.6337682963621245,0.7040072040874052,0.7153881620930891,0.8476193103340672,0.995811303667913,3.473381280899048,3.836034059524536,6.535585880279541,0.85045,0.6437571146233989,0.7124926287209756,0.7166915385634005,0.868062687338701,0.9963836493202617,0.5,0.3,0.0,0.0,0.5,0.5,0.0,0.35,3,247.25130677223206
PEMS-BAY,FedAvg,Sybil_Poisoning,44,40,10,7825,0.3,0.35,3.2690370082855225,3.6985678672790527,6.411609649658203,0.8254,0.593416946257684,0.671943467792645,0.7025908276332893,0.8430641936336666,0.9957910744608284,3.3052570819854736,3.7430288791656494,6.459709167480469,0.84725,0.6062932118228836,0.6809583639460641,0.7039815265988902,0.8637544444354734,0.9962820247605275,0.5,0.3,0.0,0.0,0.5,0.5,0.0,0.35,3,248.5463125705719
PEMS-BAY,FedAvg,Sybil_Poisoning,45,40,10,7825,0.3,0.35,3.0062143802642822,3.4187190532684326,5.80320930480957,0.85845,0.6538723788895313,0.7131036182292331,0.7304615444337335,0.8711160394632715,0.9957671756553979,3.0544655323028564,3.4794504642486572,5.890140056610107,0.8769,0.6588092639812966,0.7146466368003376,0.7266193249615791,0.8881216063361318,0.99625194896067,0.5,0.3,0.0,0.0,0.5,0.5,0.0,0.35,3,249.2300124168396
PEMS-BAY,FedAvg,Sybil_Poisoning,46,40,10,7825,0.3,0.35,2.7129874229431152,3.205937147140503,5.44417142868042,0.87175,0.643814594381407,0.6960949919959717,0.7280972341293515,0.880809835303446,0.9957737310583209,2.7537074089050293,3.2535297870635986,5.505297660827637,0.8895,0.6514418970476882,0.7010879106154251,0.7292391363578591,0.8970909449266378,0.9963830599152055,0.5,0.3,0.0,0.0,0.5,0.5,0.0,0.35,3,247.92052030563354
PEMS-BAY,FedAvg,Sybil_Poisoning,47,40,10,7825,0.3,0.35,2.957213878631592,3.4441981315612793,5.885263442993164,0.8621,0.6190269523066851,0.6811245184868742,0.71966051742782,0.872009603619003,0.9958460256037627,3.01070499420166,3.501281976699829,5.969332218170166,0.8802,0.6330814257021624,0.6897632644298837,0.720166474979947,0.8892598374668862,0.9964500565083079,0.5,0.3,0.0,0.0,0.5,0.5,0.0,0.35,3,247.95381593704224
PEMS-BAY,FedProx,Sybil_Poisoning,42,40,10,7825,0.3,0.35,3.4501776695251465,3.8554487228393555,6.638301849365234,0.81595,0.5896575307467804,0.65884760584747,0.6955685676143363,0.8363818191585167,0.9956199132400425,3.516328811645508,3.9244911670684814,6.743659973144531,0.8377,0.6011200788543622,0.6682086038678541,0.6980059747638223,0.8569397337905624,0.9962965197281237,0.5,0.3,0.0,0.0,0.5,0.5,0.0,0.35,3,393.8833339214325
PEMS-BAY,FedProx,Sybil_Poisoning,43,40,10,7825,0.3,0.35,3.4260854721069336,3.8777291774749756,6.644448757171631,0.8323,0.5792757854383331,0.6445479303239441,0.6945188454197544,0.8480775917953497,0.9957048089246315,3.510371208190918,3.9608962535858154,6.778072357177734,0.8547,0.5964999081399947,0.6597279713919215,0.6990849143782146,0.868960138239759,0.9963207334230308,0.5,0.3,0.0,0.0,0.5,0.5,0.0,0.35,3,396.8612251281738
PEMS-BAY,FedProx,Sybil_Poisoning,44,40,10,7825,0.3,0.35,3.2270984649658203,3.6444876194000244,6.2432684898376465,0.83625,0.6154360537223104,0.6732362738125586,0.7085719019254412,0.8528981328071744,0.9956637487275513,3.282912492752075,3.7049002647399902,6.334676742553711,0.8561,0.6220363814288378,0.6788851089408781,0.7064324048702563,0.8714863702482222,0.9962296198669509,0.5,0.3,0.0,0.0,0.5,0.5,0.0,0.35,3,395.5177230834961
PEMS-BAY,FedProx,Sybil_Poisoning,45,40,10,7825,0.3,0.35,3.4315805435180664,3.8946473598480225,6.728229522705078,0.82515,0.5683167918801122,0.6426072602205091,0.6912162980745408,0.841888613655558,0.9957610098651322,3.507580518722534,3.974869728088379,6.85349178314209,0.84695,0.5722203995398208,0.6477770491521498,0.689851930955285,0.8618098488824176,0.9962759464253689,0.5,0.3,0.0,0.0,0.5,0.5,0.0,0.35,3,394.5610227584839
PEMS-BAY,FedProx,Sybil_Poisoning,46,40,10,7825,0.3,0.35,3.37109112739563,3.7798449993133545,6.533184051513672,0.81435,0.5901534552714269,0.6650222426593146,0.6992073072041162,0.8348892618193319,0.9957273112069454,3.4339277744293213,3.8513450622558594,6.635784149169922,0.83445,0.5976628733378989,0.6712369143036514,0.6963630056162675,0.8543033919952606,0.9962406781738404,0.5,0.3,0.0,0.0,0.5,0.5,0.0,0.35,3,396.6742706298828
PEMS-BAY,FedProx,Sybil_Poisoning,47,40,10,7825,0.3,0.35,3.317439079284668,3.6964073181152344,6.343473434448242,0.82045,0.6258112914115587,0.6887088879453556,0.7124584999062062,0.8414802405935258,0.9956855663804901,3.3801000118255615,3.7672324180603027,6.446850299835205,0.84035,0.625857739755473,0.6879647349272492,0.7064641184031126,0.8602410003454793,0.9962076295270172,0.5,0.3,0.0,0.0,0.5,0.5,0.0,0.35,3,396.5241413116455
PEMS-BAY,SCAFFOLD,Sybil_Poisoning,42,40,10,7825,0.3,0.35,0.990759551525116,1.7077685594558716,2.0353262424468994,0.94755,0.827539654926639,0.809925032190181,0.8489293602946383,0.9466969997794765,0.9959621475999544,1.0201436281204224,1.8186051845550537,2.120917320251465,0.95175,0.8237772211165126,0.8074350541759369,0.8422488034431787,0.9508420401579475,0.9960767845868421,0.5,0.3,0.0,0.0,0.5,0.5,0.0,0.35,3,252.93099212646484
PEMS-BAY,SCAFFOLD,Sybil_Poisoning,43,40,10,7825,0.3,0.35,0.9890841841697693,1.7533220052719116,1.9486451148986816,0.94565,0.8275483696965719,0.8213282681438304,0.8354476239315158,0.945533516429679,0.995663465235547,1.0212262868881226,1.867566466331482,2.0338239669799805,0.94975,0.8245570331556928,0.8202312180846449,0.8290820681453488,0.9494082942734876,0.9957592459770395,0.5,0.3,0.0,0.0,0.5,0.5,0.0,0.35,3,252.99056458473206
PEMS-BAY,SCAFFOLD,Sybil_Poisoning,44,40,10,7825,0.3,0.35,1.4099147319793701,2.0058345794677734,2.8629837036132812,0.94185,0.7923355452131695,0.7810688231238161,0.8226675230086435,0.9421945269043248,0.9958493667878736,1.452080249786377,2.1040241718292236,2.954230308532715,0.9484,0.798170554718949,0.7865456630510298,0.8218212260080593,0.9486167515656725,0.9960992851357706,0.5,0.3,0.0,0.0,0.5,0.5,0.0,0.35,3,252.9117031097412
PEMS-BAY,SCAFFOLD,Sybil_Poisoning,45,40,10,7825,0.3,0.35,0.9652010798454285,1.7202632427215576,1.8961353302001953,0.9484,0.841144616927932,0.8388547334843874,0.8440235519474422,0.948203016531998,0.9958539966020779,0.9898605346679688,1.8208688497543335,1.9710553884506226,0.95205,0.8321165743532276,0.8298874324192,0.83474100219089,0.9516243975700487,0.9959898429108309,0.5,0.3,0.0,0.0,0.5,0.5,0.0,0.35,3,252.90346574783325
PEMS-BAY,SCAFFOLD,Sybil_Poisoning,46,40,10,7825,0.3,0.35,1.0020663738250732,1.7029231786727905,1.9929012060165405,0.9482,0.8364840142915954,0.831351958581067,0.8440465248289918,0.9485083852578274,0.9959089306560207,1.0307530164718628,1.8055411577224731,2.072737216949463,0.9517,0.8274084070394807,0.8208939920005358,0.8351010776525903,0.95169781218262,0.996095433275773,0.5,0.3,0.0,0.0,0.5,0.5,0.0,0.35,3,252.8152244091034
PEMS-BAY,SCAFFOLD,Sybil_Poisoning,47,40,10,7825,0.3,0.35,0.96632981300354,1.731909990310669,1.8675286769866943,0.94795,0.8403818647875039,0.8448066028204873,0.8361788973270601,0.9480826872427377,0.9958322115521847,0.9914950132369995,1.8349180221557617,1.9423199892044067,0.95145,0.8301259942126752,0.8336986573276735,0.8271383002125926,0.9512873500905289,0.9959797975539503,0.5,0.3,0.0,0.0,0.5,0.5,0.0,0.35,3,253.59377121925354
PEMS-BAY,FLTrust,Sybil_Poisoning,42,40,10,7825,0.3,0.35,5.470350742340088,6.03062629699707,10.433931350708008,0.60475,0.3811345602331488,0.5083142117900343,0.5815155594163239,0.6616183825010185,0.9947947629027762,5.600705146789551,6.140593528747559,10.618218421936035,0.6264,0.3777658502183433,0.5084644922755895,0.5778995429051024,0.6887014331039636,0.995525887098297,0.38095238095238093,0.5238236146310654,1.0,1.0,0.0034965351223945618,0.00897494750097394,-0.005478412378579378,0.35,3,272.44473481178284
PEMS-BAY,FLTrust,Sybil_Poisoning,43,40,10,7825,0.3,0.35,1.4630647897720337,2.1108763217926025,3.08540415763855,0.93715,0.7672224993684186,0.7587296122885387,0.8071929975524734,0.937658543527687,0.9957675933948982,1.4854861497879028,2.153679132461548,3.130401611328125,0.9458,0.7775843913352725,0.7661173461321589,0.8126418316270867,0.9459949277195279,0.9962215658566451,0.5238095238095237,0.14330847561359406,1.0,1.0,0.004152965465826648,0.0016209979852040608,0.0025319674806225873,0.35,3,271.8523840904236
PEMS-BAY,FLTrust,Sybil_Poisoning,44,40,10,7825,0.3,0.35,1.3872605562210083,2.1538822650909424,2.8701272010803223,0.94365,0.8000297219981111,0.8043446446915418,0.8110983753751281,0.9420595351980088,0.9958985673892102,1.4001784324645996,2.197519302368164,2.8985297679901123,0.9489,0.7937677527092273,0.7973545062824091,0.8058331235199006,0.9472084181948452,0.9962410070072563,1.0,0.0,1.0,0.0,0.39385001148496357,0.0,0.39385001148496357,0.35,3,272.71872639656067
PEMS-BAY,FLTrust,Sybil_Poisoning,45,40,10,7825,0.3,0.35,1.008273959159851,1.6927567720413208,1.9106769561767578,0.9484,0.846542009718916,0.8474279784687264,0.8468134663523588,0.9483430136953092,0.9956955434132185,1.015505313873291,1.7661142349243164,1.9460456371307373,0.95435,0.842430889302664,0.8438385175224298,0.8426085457544309,0.9540313462612782,0.9960538204324001,0.8333333333333334,0.0596756773039296,1.0,1.0,0.018655904502208744,0.002762566708649198,0.015893337793559545,0.35,3,272.15092873573303
PEMS-BAY,FLTrust,Sybil_Poisoning,46,40,10,7825,0.3,0.35,1.6858611106872559,2.2782444953918457,3.489133358001709,0.9286,0.751520088093408,0.7527806178537547,0.7920454162787627,0.9301889870653991,0.995615697587819,1.716231107711792,2.3327689170837402,3.5478405952453613,0.93785,0.7569906136216038,0.7559449167678808,0.7933488563093675,0.9390578007877206,0.9960342695600369,0.6190476190476191,0.14909073210575957,1.0,1.0,0.01839129299124969,0.0075189365694920225,0.010872356421757667,0.35,3,272.4376173019409
PEMS-BAY,FLTrust,Sybil_Poisoning,47,40,10,7825,0.3,0.35,2.7679998874664307,3.270857334136963,5.510447978973389,0.87865,0.6398011509712254,0.6794030879939903,0.7271138468792465,0.8862022006862642,0.995526703943262,2.825922966003418,3.3295645713806152,5.595415115356445,0.8967,0.652328901880361,0.6903741269413883,0.7315746385382689,0.9026762590750222,0.9961325643031754,0.4285714285714286,0.3690919957479313,1.0,1.0,0.025603660382330418,0.0349500197917223,-0.00934635940939188,0.35,3,272.6450026035309
PEMS-BAY,Multi-Krum,Sybil_Poisoning,42,40,10,7825,0.3,0.35,0.9156774282455444,1.6342045068740845,1.761344075202942,0.9519,0.8523894486756889,0.8447613413107898,0.8614240887769835,0.9512628565972964,0.9959494271032024,0.9182137846946716,1.6857131719589233,1.7885997295379639,0.95615,0.8436223841201415,0.8366040623508338,0.8518392433376849,0.9553217681648337,0.996344464991791,1.0,0.0,1.0,0.14285714285714285,0.6666666666666666,0.11111111111111112,0.5555555555555555,0.35,3,248.75486612319946
PEMS-BAY,Multi-Krum,Sybil_Poisoning,43,40,10,7825,0.3,0.35,0.9227715134620667,1.6515424251556396,1.7730977535247803,0.95095,0.8507558571992064,0.8486656380016292,0.8539874717851635,0.9506888408860703,0.9957793933716569,0.9240370392799377,1.6833012104034424,1.7940540313720703,0.9567,0.8485859152061896,0.846732423977825,0.8516529684086894,0.9561824796795703,0.9963039983832482,1.0,0.0,1.0,0.14285714285714285,0.6666666666666667,0.11111111111111112,0.5555555555555556,0.35,3,249.1715919971466
PEMS-BAY,Multi-Krum,Sybil_Poisoning,44,40,10,7825,0.3,0.35,0.9245166182518005,1.6296463012695312,1.7978777885437012,0.95115,0.8528324622935466,0.8450362911119947,0.8615489087876049,0.9508985870105305,0.9958568847297913,0.9254654049873352,1.6807020902633667,1.8178060054779053,0.95605,0.8433903457416572,0.8348716541385907,0.8525334794519048,0.9554239289231922,0.9961912893461862,1.0,0.0,1.0,0.14285714285714285,0.6666666666666666,0.11111111111111112,0.5555555555555555,0.35,3,248.08859586715698
PEMS-BAY,Multi-Krum,Sybil_Poisoning,45,40,10,7825,0.3,0.35,0.9268773198127747,1.6581921577453613,1.8022669553756714,0.9506,0.8499330199957983,0.842579211676893,0.858380084343578,0.9499667601179217,0.9957554593698807,0.9319512844085693,1.7042262554168701,1.827524185180664,0.95595,0.8416646803495815,0.8356390501195238,0.849211965994086,0.9551185542776649,0.9962576537985783,1.0,0.0,1.0,0.14285714285714285,0.6666666666666666,0.11111111111111112,0.5555555555555555,0.35,3,248.4504816532135
PEMS-BAY,Multi-Krum,Sybil_Poisoning,46,40,10,7825,0.3,0.35,0.9147780537605286,1.6254754066467285,1.7588038444519043,0.95185,0.8544334398830742,0.847553891489864,0.862300040243278,0.9514335844742831,0.9957728241983184,0.9205207228660583,1.6846203804016113,1.7929024696350098,0.95675,0.8466239819165077,0.8398256705470974,0.8543446566923963,0.9560514121605853,0.996274574030305,1.0,0.0,1.0,0.14285714285714285,0.6666666666666667,0.11111111111111112,0.5555555555555556,0.35,3,247.92268872261047
PEMS-BAY,Multi-Krum,Sybil_Poisoning,47,40,10,7825,0.3,0.35,0.917592465877533,1.6238340139389038,1.7661232948303223,0.9514,0.8547786616341124,0.8471615901296341,0.8631495823838456,0.950948138856854,0.9959432922132668,0.9230698347091675,1.6782453060150146,1.797561526298523,0.9564,0.8445342820037551,0.836211094596673,0.8537034035556708,0.9556819140028167,0.9962273056023825,1.0,0.0,1.0,0.14285714285714285,0.6666666666666666,0.11111111111111112,0.5555555555555555,0.35,3,248.34512495994568
PEMS-BAY,Static-Mamdani-FL,Sybil_Poisoning,42,40,10,7825,0.3,0.35,1.9238351583480835,2.377375364303589,3.742178201675415,0.9146,0.7664408312894392,0.7865093760141375,0.7896355816855042,0.9195755353396775,0.9957507457573566,1.9487221240997314,2.4156155586242676,3.7922070026397705,0.9276,0.7758047989768324,0.7927858742977858,0.7905401357738888,0.93174720997046,0.996218122342985,1.0,0.19249707141169986,0.0,0.0,0.8568504051763643,0.47660853171110057,0.3802418734652638,0.35,3,249.5633442401886
PEMS-BAY,Static-Mamdani-FL,Sybil_Poisoning,43,40,10,7825,0.3,0.35,2.2829205989837646,2.684782028198242,4.379762649536133,0.89575,0.7348059865187236,0.7641806570611751,0.7697000286441791,0.9035831094307359,0.9958891279236781,2.3111164569854736,2.7247910499572754,4.430047512054443,0.9124,0.7518187327562147,0.778875431777991,0.7734406570173888,0.9190242142208446,0.9962568062106896,1.0,0.19123782576628057,0.0,0.0,0.8573224897498033,0.47301397081673685,0.38430851893306645,0.35,3,250.3509805202484
PEMS-BAY,Static-Mamdani-FL,Sybil_Poisoning,44,40,10,7825,0.3,0.35,2.0633718967437744,2.5197973251342773,4.077815055847168,0.9097,0.740379565714123,0.7629810103626223,0.7827101301005925,0.9145774069113242,0.995875100610812,2.096086025238037,2.5759193897247314,4.1379714012146,0.92175,0.7454575110152336,0.7641399929199186,0.7793687203278633,0.9258987851579131,0.9961828806574873,1.0,0.1983232931727848,0.0,0.0,0.8407236124091886,0.48529351806788673,0.35543009434130185,0.35,3,251.08184719085693
PEMS-BAY,Static-Mamdani-FL,Sybil_Poisoning,45,40,10,7825,0.3,0.35,2.0195367336273193,2.484569549560547,3.9860222339630127,0.91365,0.7454801161186906,0.7649194576234972,0.7836330811303529,0.9178945309818888,0.995842705696175,2.045912981033325,2.5452070236206055,4.046909809112549,0.92635,0.7514785760643757,0.7663133952852513,0.7850529388659827,0.9297559808966464,0.9961496595570951,1.0,0.19627430483776376,0.0,0.0,0.8535350834795346,0.48635541670113575,0.3671796667783988,0.35,3,250.56887912750244
PEMS-BAY,Static-Mamdani-FL,Sybil_Poisoning,46,40,10,7825,0.3,0.35,2.2810235023498535,2.712711811065674,4.467172622680664,0.8913,0.7219772196089652,0.7566596533511818,0.7656613031640955,0.8993926126978822,0.99578584489673,2.2987754344940186,2.752157211303711,4.508083343505859,0.9065,0.7203804648544778,0.7506137023055786,0.7587769986056168,0.9131774680225845,0.9960930644880686,1.0,0.20789280720181746,0.0,0.0,0.7764157846735086,0.47547386241570616,0.3009419222578024,0.35,3,250.6145269870758
PEMS-BAY,Static-Mamdani-FL,Sybil_Poisoning,47,40,10,7825,0.3,0.35,2.089017391204834,2.5624568462371826,4.158977508544922,0.903,0.729948440530402,0.7579560047817383,0.7735740205713565,0.908865847249576,0.9957631301208488,2.118549108505249,2.604837417602539,4.214688777923584,0.91745,0.7377604033855136,0.760640881880665,0.7731956506126024,0.9223291419390556,0.9961944594662073,1.0,0.192750074757686,0.0,0.0,0.8764368919419935,0.48829691116231405,0.3881399807796794,0.35,3,249.84033703804016
PEMS-BAY,ZeroTrust-ANFIS-FL,Sybil_Poisoning,42,40,10,7825,0.3,0.35,0.9211041927337646,1.6421746015548706,1.7650084495544434,0.9516,0.8541675683316242,0.8489348028171617,0.8609093382920733,0.9511004694217734,0.9958820412291125,0.9225035309791565,1.6846446990966797,1.7927652597427368,0.9568,0.8499597992647926,0.84462966927313,0.8568555689036194,0.9560749371923782,0.9963094303128226,1.0,0.0,1.0,0.0,0.687844137864076,0.3555449257897878,0.33229921207428825,0.5105781906816472,3,249.38375568389893
PEMS-BAY,ZeroTrust-ANFIS-FL,Sybil_Poisoning,43,40,10,7825,0.3,0.35,0.9234763383865356,1.642292857170105,1.779011845588684,0.9516,0.8517602694830574,0.8488947033865883,0.855919398016859,0.9512917291348342,0.9959178473924553,0.9242514371871948,1.6926114559173584,1.8001290559768677,0.95645,0.8466844605456509,0.8436432725638502,0.8512003555206998,0.9558808912546174,0.9961827716402099,1.0,0.0,1.0,0.0,0.6978138249155663,0.35107697358639606,0.34673685132917026,0.5084290074617082,3,250.12556147575378
PEMS-BAY,ZeroTrust-ANFIS-FL,Sybil_Poisoning,44,40,10,7825,0.3,0.35,0.9277046918869019,1.6561250686645508,1.7877804040908813,0.9512,0.8523248868806824,0.8513734036827889,0.8542012905916667,0.950953630107988,0.9958383825422562,0.9329029321670532,1.7094192504882812,1.8178468942642212,0.95605,0.8441677260006599,0.8420100819911202,0.8481929877527128,0.9554036898037168,0.9962591073628935,1.0,0.0,1.0,0.0,0.671930038880784,0.3404836745697859,0.33144636431099805,0.4963549800857923,3,249.76317691802979
PEMS-BAY,ZeroTrust-ANFIS-FL,Sybil_Poisoning,45,40,10,7825,0.3,0.35,0.9220821261405945,1.6462253332138062,1.7894426584243774,0.95125,0.8522679400086055,0.8440150034692134,0.8622032512286589,0.9503657649080629,0.9957370929295519,0.9325826168060303,1.7252309322357178,1.8263044357299805,0.95565,0.8403401184442169,0.8319119099652671,0.850979098869951,0.9545943504672241,0.9962536317397536,1.0,0.0,1.0,0.0,0.6874343843634797,0.33950165012240024,0.34793273424107946,0.5080287604370304,3,249.3717873096466
PEMS-BAY,ZeroTrust-ANFIS-FL,Sybil_Poisoning,46,40,10,7825,0.3,0.35,0.9192495942115784,1.6384203433990479,1.7662588357925415,0.9511,0.850514717760484,0.8451647075477439,0.8567816434238313,0.950643693471762,0.9958347486236858,0.922264039516449,1.6730616092681885,1.7870368957519531,0.95745,0.8504021110000405,0.8436933862447582,0.8588844854696631,0.9566354325652366,0.9962974790852402,1.0,0.0,1.0,0.0,0.6830685991367579,0.3139034998702628,0.3691650992664951,0.47338559974486794,3,249.65951299667358
PEMS-BAY,ZeroTrust-ANFIS-FL,Sybil_Poisoning,47,40,10,7825,0.3,0.35,0.9166885018348694,1.64141845703125,1.7591116428375244,0.9513,0.8530729448840336,0.8468937119371386,0.8602412833220928,0.9507212533425125,0.995726102077283,0.9174453020095825,1.6871724128723145,1.7842153310775757,0.9568,0.8479108150912353,0.8427740288295466,0.8544030610213227,0.9560151758647284,0.9962418530846411,1.0,0.0,1.0,0.0,0.6874114710301519,0.35956576703134874,0.32784570399880314,0.5165472030361488,3,249.62984585762024
PEMS04,FedAvg,No_Attack,42,40,10,7825,0.3,0.35,0.9940834045410156,1.8331120014190674,1.8272740840911865,0.94785,0.8229646325145639,0.8129087578366093,0.834808275270191,0.9467833810237375,0.9942252615537475,0.9195166826248169,1.6569143533706665,1.6673024892807007,0.96145,0.8379058942824071,0.828064545394532,0.8489543206928356,0.9607126696043188,0.9955965586560602,,0.0,,,0.5,,,0.35,3,246.01154136657715
PEMS04,FedAvg,No_Attack,43,40,10,7825,0.3,0.35,0.9967663884162903,1.850058913230896,1.8516613245010376,0.94715,0.8201400082087931,0.809450328630706,0.8320988618778784,0.9461700137078313,0.9941265065154686,0.9210249781608582,1.6658087968826294,1.6718616485595703,0.9611,0.8387247004830094,0.829635424609681,0.8489876380749537,0.9605103352086646,0.9955936731120009,,0.0,,,0.5,,,0.35,3,244.51891994476318
PEMS04,FedAvg,No_Attack,44,40,10,7825,0.3,0.35,1.0009448528289795,1.8456990718841553,1.8463339805603027,0.94695,0.822379599634463,0.8151449500095609,0.8309413390615242,0.9460975055476359,0.9941057382543741,0.9215372800827026,1.6627833843231201,1.6696743965148926,0.9607,0.8360302201552973,0.8270559790222656,0.8460605823442722,0.9601056497589637,0.9955983791063455,,0.0,,,0.5,,,0.35,3,245.35734605789185
PEMS04,FedAvg,No_Attack,45,40,10,7825,0.3,0.35,0.9943060278892517,1.8437495231628418,1.8401787281036377,0.94735,0.8217580453527086,0.813945690206568,0.8312542514600318,0.9464001471081558,0.9941771908546756,0.9117743372917175,1.6391319036483765,1.650760531425476,0.96205,0.8411849565904536,0.8333210353109728,0.8504259141985191,0.9614759717564446,0.9956528904387668,,0.0,,,0.5,,,0.35,3,246.53043127059937
PEMS04,FedAvg,No_Attack,46,40,10,7825,0.3,0.35,0.9922028183937073,1.8381130695343018,1.8273138999938965,0.94675,0.8171318680624393,0.8083649083631246,0.8270090174695817,0.9458491272707299,0.9940113638090833,0.914513111114502,1.6416155099868774,1.6604493856430054,0.9614,0.8422188548919987,0.8342308284924045,0.8512788873323238,0.9608521659287995,0.9956946003536014,,0.0,,,0.5,,,0.35,3,246.5245485305786
PEMS04,FedAvg,No_Attack,47,40,10,7825,0.3,0.35,0.9986428022384644,1.8579165935516357,1.8554869890213013,0.94735,0.8174590107714774,0.8111315245700526,0.825297188950602,0.9463875342945923,0.9941309548323415,0.9184013605117798,1.6565700769424438,1.6684554815292358,0.96115,0.8347973501731734,0.8274957993002502,0.8437751842611283,0.9605245984459702,0.9955554090286517,,0.0,,,0.5,,,0.35,3,247.65718531608582
PEMS04,FedProx,No_Attack,42,40,10,7825,0.3,0.35,1.0187771320343018,1.8619928359985352,1.9220210313796997,0.9463,0.8121215722534038,0.7938132707269058,0.8337745348133098,0.9452319306883005,0.9940223422235881,0.9385478496551514,1.663042664527893,1.741906762123108,0.96015,0.8336389951232468,0.8179578768381337,0.8509238237358343,0.9594736771093245,0.995611525777446,,0.0,,,0.5,,,0.35,3,395.32546639442444
PEMS04,FedProx,No_Attack,43,40,10,7825,0.3,0.35,1.0150662660598755,1.8732084035873413,1.8730659484863281,0.9457,0.814233572508374,0.806944076333259,0.8233541820355181,0.9446107854719564,0.9940685528198254,0.9323267340660095,1.6590157747268677,1.6954594850540161,0.95975,0.8289445721356465,0.8232512531812379,0.8370743581380491,0.9591545024666842,0.9956262801871991,,0.0,,,0.5,,,0.35,3,396.46699714660645
PEMS04,FedProx,No_Attack,44,40,10,7825,0.3,0.35,1.0130412578582764,1.8678075075149536,1.8849670886993408,0.9458,0.8116729667035354,0.7990522561471293,0.8255939972583324,0.9448612102271436,0.9939876759783425,0.9303438663482666,1.6594318151474,1.7038623094558716,0.96015,0.8345240557990259,0.8244848609970381,0.8463835111347379,0.9594984061890472,0.9955424866950044,,0.0,,,0.5,,,0.35,3,397.5510485172272
PEMS04,FedProx,No_Attack,45,40,10,7825,0.3,0.35,1.0130077600479126,1.8734749555587769,1.8688877820968628,0.94635,0.8174373873523317,0.8115874290303136,0.8249830861978646,0.9454119222898322,0.9939663569541727,0.9286719560623169,1.6576310396194458,1.6880618333816528,0.95995,0.8312244853643731,0.8255485911974025,0.8394531072424503,0.9593457986523286,0.995572264721391,,0.0,,,0.5,,,0.35,3,396.52135038375854
PEMS04,FedProx,No_Attack,46,40,10,7825,0.3,0.35,1.0117597579956055,1.867133617401123,1.8609024286270142,0.94555,0.8163043133528991,0.8108138595083018,0.8231017013882408,0.9447834374104223,0.993990547381069,0.9276280999183655,1.6527179479599,1.6823039054870605,0.9599,0.8334757339673773,0.828309172876183,0.8403244612393632,0.9594410463561147,0.9956013950487154,,0.0,,,0.5,,,0.35,3,397.58920335769653
PEMS04,FedProx,No_Attack,47,40,10,7825,0.3,0.35,1.0101430416107178,1.863344669342041,1.8695237636566162,0.94585,0.8159060976750624,0.8066577616069358,0.8263743788958818,0.9450133856175519,0.9940895461525596,0.9279491901397705,1.6545255184173584,1.6921249628067017,0.9595,0.8300198209643532,0.8225209167026515,0.8391221486717051,0.9589337302808786,0.9956205366143165,,0.0,,,0.5,,,0.35,3,399.02666783332825
PEMS04,SCAFFOLD,No_Attack,42,40,10,7825,0.3,0.35,1.0257714986801147,1.8813241720199585,1.9019439220428467,0.94495,0.816072730277942,0.8095591400051211,0.8236110224593383,0.9443429543645286,0.9941591039791003,0.9396929740905762,1.6737271547317505,1.7142918109893799,0.9594,0.8286439606874026,0.824443424112928,0.8336196766461319,0.9590291596839378,0.9957485694012203,,0.0,,,0.5,,,0.35,3,253.16973495483398
PEMS04,SCAFFOLD,No_Attack,43,40,10,7825,0.3,0.35,1.0272740125656128,1.8860886096954346,1.897621750831604,0.9453,0.8155941051105113,0.8071093252342753,0.8253788476699088,0.9444119931762972,0.9941505741302625,0.9419103264808655,1.6768279075622559,1.7120983600616455,0.9595,0.8294222777879622,0.8234118682807375,0.836614933874807,0.9589026538880944,0.9957395865314951,,0.0,,,0.5,,,0.35,3,251.03443598747253
PEMS04,SCAFFOLD,No_Attack,44,40,10,7825,0.3,0.35,1.014880895614624,1.868472695350647,1.8696073293685913,0.94505,0.815605050389603,0.8068698466441893,0.8252173137385869,0.9443049198065825,0.9941851349871421,0.9314395785331726,1.6617339849472046,1.6923619508743286,0.9596,0.8294691289315683,0.8230408806679153,0.8369001180804012,0.9591120680892945,0.9957427323374388,,0.0,,,0.5,,,0.35,3,253.29498147964478
PEMS04,SCAFFOLD,No_Attack,45,40,10,7825,0.3,0.35,1.0229532718658447,1.8853553533554077,1.8840680122375488,0.94435,0.8119733419483403,0.8073759295231497,0.8175322769274567,0.9436749606541105,0.9941670247858843,0.9360836148262024,1.674613356590271,1.697737216949463,0.95935,0.8274240536728431,0.8243762864430991,0.8316473039508226,0.9589075786070609,0.9957512532489767,,0.0,,,0.5,,,0.35,3,252.3131365776062
PEMS04,SCAFFOLD,No_Attack,46,40,10,7825,0.3,0.35,1.0205986499786377,1.8755161762237549,1.8841955661773682,0.94465,0.8146494948179394,0.8100323269905978,0.8202275497335684,0.9441455283922434,0.9941509251610556,0.935005247592926,1.6671334505081177,1.6996979713439941,0.9596,0.830025974280869,0.8270275026418933,0.8339483596427831,0.959285027635779,0.9957551942353234,,0.0,,,0.5,,,0.35,3,252.7720901966095
PEMS04,SCAFFOLD,No_Attack,47,40,10,7825,0.3,0.35,1.0180439949035645,1.8747527599334717,1.886459469795227,0.9446,0.8135529737211076,0.8036780985500587,0.8243991813379214,0.9436996706162348,0.9941577223267661,0.9324031472206116,1.6679853200912476,1.7030069828033447,0.9595,0.8289514126246452,0.8217190001365674,0.8372780290593372,0.9588955616619461,0.9957379585698942,,0.0,,,0.5,,,0.35,3,252.08493375778198
PEMS04,FLTrust,No_Attack,42,40,10,7825,0.3,0.35,1.014487862586975,1.868573546409607,1.884258508682251,0.94635,0.8176697987381687,0.8079707640912591,0.8283070967804711,0.9453620372141531,0.9939447532235679,0.9375633001327515,1.6846609115600586,1.7158865928649902,0.96045,0.8347377963341105,0.8239064969012306,0.8463715317071351,0.9597681267555707,0.9955221463008842,,0.0,,,0.01071009081788361,,,0.35,3,270.98742413520813
PEMS04,FLTrust,No_Attack,43,40,10,7825,0.3,0.35,1.0246936082839966,1.88236403465271,1.9297959804534912,0.94475,0.8146322518379421,0.8070925062706842,0.8228200708533084,0.9438592972131581,0.993905632775837,0.9397009015083313,1.7028473615646362,1.7225103378295898,0.9595,0.8330803879988029,0.8265892138144734,0.8404277146979793,0.9590124803589871,0.995266651051824,,0.0,,,0.014246361050754785,,,0.35,3,272.69979596138
PEMS04,FLTrust,No_Attack,44,40,10,7825,0.3,0.35,1.0316699743270874,1.9246015548706055,1.9211763143539429,0.9437,0.8016765717872006,0.7954868242910917,0.8094787742281259,0.9426394072516907,0.9939437271030521,0.9525161981582642,1.734390139579773,1.720705270767212,0.95815,0.8208613352306322,0.8169470623297779,0.8266459819084808,0.9574590954034613,0.9953365623152272,,0.0,,,0.009072837908752263,,,0.35,3,273.7922658920288
PEMS04,FLTrust,No_Attack,45,40,10,7825,0.3,0.35,1.0300648212432861,1.8738703727722168,1.912674069404602,0.9453,0.8196452414911211,0.8129425553811945,0.8281744379148768,0.9451146011692022,0.9937620670539569,0.9457314610481262,1.671447515487671,1.7180389165878296,0.9599,0.8378943154619586,0.8303960357538511,0.8456703786687758,0.9597869429326925,0.995479136038325,,0.0,,,0.009483025083318353,,,0.35,3,272.711288690567
PEMS04,FLTrust,No_Attack,46,40,10,7825,0.3,0.35,1.02340829372406,1.912401795387268,1.9009636640548706,0.94575,0.8153085354741421,0.8108704359885428,0.8213746568074726,0.9446930627924747,0.9938168533570613,0.9346086978912354,1.6890382766723633,1.7007527351379395,0.96015,0.8281336493685079,0.8189134730284776,0.8388537226568171,0.9594223482222345,0.9954415623425463,,0.0,,,0.01024768566712737,,,0.35,3,272.02697348594666
PEMS04,FLTrust,No_Attack,47,40,10,7825,0.3,0.35,1.0104529857635498,1.876847505569458,1.9056867361068726,0.94715,0.822753162158155,0.8109351443708441,0.8363886518296104,0.9463039228564181,0.9938941321078798,0.9339904189109802,1.6784751415252686,1.7168787717819214,0.9604,0.8355230405706292,0.8234363365103079,0.8482646954140296,0.959837616519123,0.9955294055202525,,0.0,,,0.019981403555721044,,,0.35,3,272.547465801239
PEMS04,Multi-Krum,No_Attack,42,40,10,7825,0.3,0.35,0.992012083530426,1.8232253789901733,1.8347067832946777,0.94785,0.8236421392634472,0.8120408508313222,0.8368745794232227,0.9467719043233563,0.9942824533254554,0.9146422147750854,1.6421797275543213,1.662143349647522,0.9621,0.8425738812716382,0.8310036696314942,0.8553879529536683,0.9613934801988875,0.9956362920415572,,0.0,,,0.5,,,0.35,3,247.50459480285645
PEMS04,Multi-Krum,No_Attack,43,40,10,7825,0.3,0.35,0.9998062252998352,1.851222276687622,1.855940341949463,0.94685,0.8206321160467385,0.8133880322824393,0.8293531532718902,0.9459669505934939,0.9940243836893313,0.9231114387512207,1.6705387830734253,1.6763074398040771,0.9607,0.8351591238895022,0.8295434464442879,0.8423826497490078,0.9601841420467581,0.9956054560624945,,0.0,,,0.5,,,0.35,3,246.9100158214569
PEMS04,Multi-Krum,No_Attack,44,40,10,7825,0.3,0.35,0.9952045679092407,1.8295081853866577,1.8268426656723022,0.947,0.8191529973857434,0.8103924987079534,0.8291814494642334,0.9460679590414033,0.9942473236041586,0.9165942668914795,1.655840516090393,1.6619702577590942,0.96095,0.8379076414816348,0.8308027529869649,0.8463706786912841,0.9604181647477866,0.9955161530172747,,0.0,,,0.5000000000000001,,,0.35,3,247.65833568572998
PEMS04,Multi-Krum,No_Attack,45,40,10,7825,0.3,0.35,1.00143301486969,1.847684383392334,1.846627116203308,0.94595,0.8152125434785269,0.8098810417033857,0.8215420396896068,0.9452249625740973,0.9941403494886111,0.919766902923584,1.6506240367889404,1.6681406497955322,0.9613,0.8421671099501562,0.8376486262327246,0.8477653098886024,0.9610005570798547,0.9955817591141395,,0.0,,,0.5,,,0.35,3,247.78615021705627
PEMS04,Multi-Krum,No_Attack,46,40,10,7825,0.3,0.35,1.0052343606948853,1.8658877611160278,1.8583126068115234,0.9464,0.8165318653517399,0.8124340566690454,0.82223178229829,0.9456638166998121,0.9940161440126343,0.9210220575332642,1.6487382650375366,1.6748607158660889,0.96045,0.8352425499112467,0.8318426377933795,0.8406085605465015,0.9600504759664945,0.9955582770631972,,0.0,,,0.5,,,0.35,3,247.0325894355774
PEMS04,Multi-Krum,No_Attack,47,40,10,7825,0.3,0.35,1.0018965005874634,1.8560054302215576,1.8527183532714844,0.9467,0.8163671703108367,0.803861432853062,0.830297726582591,0.9456699562220617,0.9939376250744307,0.9175321459770203,1.6552625894546509,1.670364499092102,0.96185,0.8405262627191397,0.8292414997784767,0.8528880152545029,0.9612112004562834,0.9955773318143526,,0.0,,,0.5,,,0.35,3,248.12884759902954
PEMS04,Static-Mamdani-FL,No_Attack,42,40,10,7825,0.3,0.35,0.9973778128623962,1.8505520820617676,1.8529478311538696,0.9475,0.8231817941405349,0.8115402682785884,0.8366435748975041,0.9465039808412788,0.9941235475078851,0.9199480414390564,1.6462745666503906,1.6762194633483887,0.9612,0.8385561109381878,0.8274039082569317,0.8505660091594786,0.9605175843519772,0.9956741464233069,,0.0,,,0.8945068291419304,,,0.35,3,249.61914324760437
PEMS04,Static-Mamdani-FL,No_Attack,43,40,10,7825,0.3,0.35,0.9975150227546692,1.8505878448486328,1.8539342880249023,0.94695,0.8179072030137101,0.8100713557988666,0.827483205348097,0.945954528029356,0.9941465711655372,0.9221301078796387,1.6710317134857178,1.6785929203033447,0.96075,0.8356287644243192,0.8271066472135888,0.8456728886366504,0.9601005807045332,0.9955725699200997,,0.0,,,0.8704589794151165,,,0.35,3,248.76943731307983
PEMS04,Static-Mamdani-FL,No_Attack,44,40,10,7825,0.3,0.35,0.9997227787971497,1.8416787385940552,1.8447542190551758,0.94685,0.8191346925201435,0.8135601080568927,0.8257849705552621,0.9461111176449056,0.9942868055200508,0.9191221594810486,1.6510670185089111,1.6675325632095337,0.9609,0.8380620781372414,0.8319711717278041,0.8456056950322619,0.9604360682221137,0.9956275737863716,,0.0,,,0.8847777133410146,,,0.35,3,249.21221137046814
PEMS04,Static-Mamdani-FL,No_Attack,45,40,10,7825,0.3,0.35,1.0024007558822632,1.8522028923034668,1.8706377744674683,0.9466,0.8191817016148597,0.8149767749113476,0.8252147032858501,0.9458560621679064,0.994146906144762,0.9183192253112793,1.6545209884643555,1.67293381690979,0.9608,0.8335805064750849,0.8286053155992951,0.8404916342545736,0.9602533656676605,0.995616638065993,,0.0,,,0.8918029910171386,,,0.35,3,249.9036524295807
PEMS04,Static-Mamdani-FL,No_Attack,46,40,10,7825,0.3,0.35,0.9957408308982849,1.8447909355163574,1.8498845100402832,0.9473,0.8226471006111605,0.8154443186220016,0.8310871156090787,0.9464151773298832,0.9940813505169375,0.9186314344406128,1.6483838558197021,1.6716394424438477,0.9608,0.8358621552249333,0.8288082869347436,0.8443337184404432,0.9601868291782978,0.9956426608605624,,0.0,,,0.8618175876924816,,,0.35,3,250.36469268798828
PEMS04,Static-Mamdani-FL,No_Attack,47,40,10,7825,0.3,0.35,0.9972670078277588,1.8545615673065186,1.8559513092041016,0.9476,0.8214194273247262,0.8101758797922078,0.8342025393990126,0.9466133458963157,0.9941157065231978,0.9166917204856873,1.652854084968567,1.6633639335632324,0.9613,0.8370908960802316,0.8270753208780199,0.8482401329699695,0.9606409309327164,0.9956153449201806,,0.0,,,0.854096592271494,,,0.35,3,251.13319206237793
PEMS04,ZeroTrust-ANFIS-FL,No_Attack,42,40,10,7825,0.3,0.35,1.0068525075912476,1.8763996362686157,1.8635339736938477,0.9468,0.8171283767563379,0.8090400493420612,0.8265272197290454,0.9459106100243471,0.9937667026507399,0.9322260618209839,1.6853153705596924,1.7062351703643799,0.95985,0.8278708768351185,0.8198813029534433,0.8368781964227316,0.9592654835181733,0.9955038353623935,,0.0,,,0.5412008176815737,,,0.35,3,248.28702402114868
PEMS04,ZeroTrust-ANFIS-FL,No_Attack,43,40,10,7825,0.3,0.35,1.0030778646469116,1.872925043106079,1.8649604320526123,0.9466,0.8143931457142717,0.8095490143306252,0.821392098305912,0.9456323432237483,0.9939897700490905,0.9220936298370361,1.6569827795028687,1.6813805103302002,0.9606,0.8339144816496293,0.8280136602433069,0.8415876449332211,0.9599810521054453,0.995657495515963,,0.0,,,0.5525375605710445,,,0.35,3,247.63660955429077
PEMS04,ZeroTrust-ANFIS-FL,No_Attack,44,40,10,7825,0.3,0.35,0.9977736473083496,1.8384370803833008,1.846230387687683,0.9474,0.8247271923905967,0.814962679727626,0.8360241763644648,0.9464399874639788,0.9942315230646184,0.9212666153907776,1.6655195951461792,1.6710091829299927,0.96085,0.8346451919076479,0.8243471402915498,0.8459473074768395,0.9602114103603703,0.9955531154333457,,0.0,,,0.5499863693271562,,,0.35,3,247.90200185775757
PEMS04,ZeroTrust-ANFIS-FL,No_Attack,45,40,10,7825,0.3,0.35,0.9983741044998169,1.8496826887130737,1.8582448959350586,0.94655,0.8177463121706738,0.8121254052573418,0.8250652884958068,0.9456942876856042,0.994081613250086,0.9155166149139404,1.647750973701477,1.6664150953292847,0.961,0.8332483246682347,0.82747500217818,0.840683125075383,0.9604402302886116,0.9956521974457391,,0.0,,,0.5500789046541914,,,0.35,3,249.45798134803772
PEMS04,ZeroTrust-ANFIS-FL,No_Attack,46,40,10,7825,0.3,0.35,0.9953187704086304,1.8477768898010254,1.8346704244613647,0.9472,0.8207891462113188,0.8119988230845872,0.8311269392606222,0.9462219525824784,0.994094431749345,0.916037917137146,1.6428704261779785,1.6621828079223633,0.9612,0.8409167916506325,0.8313230286358838,0.8516069449455383,0.9605508633193136,0.9956768690756743,,0.0,,,0.5523736732501836,,,0.35,3,249.9908571243286
PEMS04,ZeroTrust-ANFIS-FL,No_Attack,47,40,10,7825,0.3,0.35,0.999638557434082,1.8580703735351562,1.8624354600906372,0.94625,0.817499439803339,0.8055557714937958,0.8309981013878855,0.945204298904302,0.9941879724239464,0.9177074432373047,1.6479252576828003,1.668844223022461,0.96145,0.8406916378151665,0.8283394934720534,0.8540383810855013,0.9607119490163979,0.9955702494659685,,0.0,,,0.5519694349874494,,,0.35,3,248.6800172328949
PEMS04,FedAvg,Byzantine_Noise,42,40,10,7825,0.3,0.35,2.2665510177612305,2.997725009918213,3.8784961700439453,0.9349,0.7814958604820257,0.7548111309805374,0.8182917802490814,0.9304753878356589,0.9916943016866205,2.2292354106903076,2.9059529304504395,3.7803690433502197,0.94845,0.7874866251274494,0.7599470443035251,0.8256962334355082,0.9447217067690282,0.9933956545598588,0.5,0.3,0.0,0.0,0.5,0.5,0.0,0.35,3,248.5091643333435
PEMS04,FedAvg,Byzantine_Noise,43,40,10,7825,0.3,0.35,3.3003792762756348,3.917895555496216,5.977362632751465,0.90845,0.6216691330623185,0.5652035803599267,0.7516870654135486,0.8953200777234055,0.9917201886210824,3.2365000247955322,3.813628911972046,5.777159214019775,0.92475,0.6158870702201662,0.5562004592465514,0.7418596199351765,0.9140136646099738,0.9933445529276372,0.5,0.3,0.0,0.0,0.5,0.5,0.0,0.35,3,248.16492199897766
PEMS04,FedAvg,Byzantine_Noise,44,40,10,7825,0.3,0.35,1.5148460865020752,2.337981700897217,2.752147912979126,0.9212,0.7558390162342399,0.7877839033836118,0.730665144862012,0.92385980344442,0.9926267178255251,1.4252407550811768,2.1257355213165283,2.5633602142333984,0.9385,0.7676029485637512,0.7997566384503124,0.7428485168412245,0.940888067990448,0.994511507450893,0.5,0.3,0.0,0.0,0.5,0.5,0.0,0.35,3,248.23926401138306
PEMS04,FedAvg,Byzantine_Noise,45,40,10,7825,0.3,0.35,1.6641515493392944,2.486967086791992,3.0414373874664307,0.9296,0.7596136443215211,0.7903004063815678,0.7379786590602655,0.9312705122903426,0.9930646952559294,1.5958333015441895,2.3076975345611572,2.8960249423980713,0.94495,0.7757097351094737,0.8078158913367093,0.7544664819589608,0.946383121363112,0.9949524963774736,0.5,0.3,0.0,0.0,0.5,0.5,0.0,0.35,3,248.43812346458435
PEMS04,FedAvg,Byzantine_Noise,46,40,10,7825,0.3,0.35,5.424346446990967,5.948619842529297,8.848999977111816,0.904,0.6844347263019667,0.6332466313799007,0.7861796968948176,0.8855820490130801,0.9904794333769976,5.413601398468018,5.8962602615356445,8.708342552185059,0.92365,0.6946373350294601,0.6440670397007459,0.7936054901168792,0.908080255577673,0.9923625715567441,0.5,0.3,0.0,0.0,0.5,0.5,0.0,0.35,3,247.49254488945007
PEMS04,FedAvg,Byzantine_Noise,47,40,10,7825,0.3,0.35,1.9100009202957153,2.682607650756836,3.415055513381958,0.92535,0.7510727531923751,0.711731780412584,0.8089079897820884,0.9175689588601421,0.9923964124533715,1.8012683391571045,2.495724678039551,3.163256883621216,0.94025,0.7529744775551311,0.7146824790108005,0.8090066891996219,0.9338090862337187,0.9940390919016763,0.5,0.3,0.0,0.0,0.5,0.5,0.0,0.35,3,250.72801446914673
PEMS04,FedProx,Byzantine_Noise,42,40,10,7825,0.3,0.35,1.0223488807678223,1.8648821115493774,1.9431504011154175,0.94595,0.8094059671897093,0.7910662974987828,0.8313228438789013,0.9446771058121507,0.9940965491744276,0.9414352774620056,1.6642885208129883,1.7597172260284424,0.95965,0.8291991680219757,0.8120691655870296,0.8482663139794517,0.9587644161552616,0.9956416591990591,0.5,0.3,0.0,0.0,0.5,0.5,0.0,0.35,3,395.8106119632721
PEMS04,FedProx,Byzantine_Noise,43,40,10,7825,0.3,0.35,1.0183625221252441,1.8719367980957031,1.8783996105194092,0.9466,0.8155578668597088,0.8064313536170509,0.8264027304060303,0.9454698032282364,0.994161387145057,0.9351364970207214,1.6576391458511353,1.6986647844314575,0.96075,0.8366247342138209,0.8275188221249561,0.8474652935971972,0.9600383033216449,0.9957125731843743,0.5,0.3,0.0,0.0,0.5,0.5,0.0,0.35,3,396.6919581890106
PEMS04,FedProx,Byzantine_Noise,44,40,10,7825,0.3,0.35,1.0202362537384033,1.8848791122436523,1.8859930038452148,0.9455,0.8108708496767575,0.8041648236998202,0.8195047708271602,0.9445122030479784,0.994052063545971,0.9360031485557556,1.6697075366973877,1.7087515592575073,0.9591,0.8283151986334356,0.8227248571381665,0.8363408641864115,0.9584680507132757,0.995557836750975,0.5,0.3,0.0,0.0,0.5,0.5,0.0,0.35,3,395.39583253860474
PEMS04,FedProx,Byzantine_Noise,45,40,10,7825,0.3,0.35,1.0703496932983398,1.8764381408691406,1.9569439888000488,0.94445,0.8198298926255774,0.8170851879537203,0.8236513597126691,0.9443640762991319,0.9940807969913295,0.9920958280563354,1.672747254371643,1.7833021879196167,0.9592,0.8362496542289095,0.8358885031692056,0.838126553915225,0.9593450012115169,0.9956653850606558,0.5,0.3,0.0,0.0,0.5,0.5,0.0,0.35,3,395.91541862487793
PEMS04,FedProx,Byzantine_Noise,46,40,10,7825,0.3,0.35,1.0873010158538818,1.9266492128372192,1.9869219064712524,0.9457,0.8088995720058207,0.7977323907783604,0.8236978477528204,0.9438481120918083,0.9941049634386812,1.003591775894165,1.712869644165039,1.8117115497589111,0.9595,0.8272560500876797,0.8159296599851507,0.8419700895091671,0.9582216691914331,0.9956381895174446,0.5,0.3,0.0,0.0,0.5,0.5,0.0,0.35,3,396.7634735107422
PEMS04,FedProx,Byzantine_Noise,47,40,10,7825,0.3,0.35,1.0271693468093872,1.8762387037277222,1.9179027080535889,0.9465,0.8152260523268791,0.8009921140886984,0.831792997644666,0.9451797975757228,0.9941203540463655,0.9453712701797485,1.6688209772109985,1.7364097833633423,0.95985,0.8324298389813339,0.8214866414048011,0.8453318928871619,0.9589888905007546,0.9956209049314407,0.5,0.3,0.0,0.0,0.5,0.5,0.0,0.35,3,397.0299713611603
PEMS04,SCAFFOLD,Byzantine_Noise,42,40,10,7825,0.3,0.35,1.0319571495056152,1.8984148502349854,1.919034719467163,0.9442,0.8111920312376869,0.8052818480709071,0.8180908112756251,0.9435774160235102,0.9941272046652465,0.9452231526374817,1.6929783821105957,1.729856252670288,0.9586,0.8227795199291853,0.8199879846298384,0.8265817229631619,0.9582419428883342,0.9957150502441163,0.5,0.3,0.0,0.0,0.5,0.5,0.0,0.35,3,252.39480686187744
PEMS04,SCAFFOLD,Byzantine_Noise,43,40,10,7825,0.3,0.35,1.0344284772872925,1.9063315391540527,1.91764497756958,0.94435,0.8113944258188935,0.8035707425440883,0.8207566586588525,0.9434461194201059,0.9941228450629338,0.9473297595977783,1.7002321481704712,1.728740930557251,0.9589,0.8246723526128292,0.8206957146513894,0.8299388269214092,0.9583195995073857,0.9957066401941557,0.5,0.3,0.0,0.0,0.5,0.5,0.0,0.35,3,254.04689192771912
PEMS04,SCAFFOLD,Byzantine_Noise,44,40,10,7825,0.3,0.35,1.0213203430175781,1.8828120231628418,1.8848499059677124,0.9451,0.8162712660446518,0.8075156424049197,0.826127392732027,0.9443058421589027,0.9941781038802735,0.9363091588020325,1.6773213148117065,1.7038636207580566,0.9591,0.8250089223010548,0.8203591006684517,0.8308702026947602,0.9585769642805321,0.9957356597561882,0.5,0.3,0.0,0.0,0.5,0.5,0.0,0.35,3,253.2766559123993
PEMS04,SCAFFOLD,Byzantine_Noise,45,40,10,7825,0.3,0.35,1.028944969177246,1.8983917236328125,1.9051141738891602,0.9446,0.8130001642618806,0.8060614896721343,0.821193988836183,0.943900034613961,0.9941382688636207,0.9421481490135193,1.6936854124069214,1.7180261611938477,0.95865,0.8252567903664948,0.8226087581877373,0.8290117731578155,0.958230685341412,0.9957254274850884,0.5,0.3,0.0,0.0,0.5,0.5,0.0,0.35,3,253.61390089988708
PEMS04,SCAFFOLD,Byzantine_Noise,46,40,10,7825,0.3,0.35,1.028000831604004,1.8977478742599487,1.9042121171951294,0.9438,0.8092408614640512,0.8044049868768012,0.8152104116429915,0.9431490401456242,0.9941293742193945,0.9406938552856445,1.6910548210144043,1.7157630920410156,0.95885,0.8253875267361306,0.8239244562268426,0.8282439800654963,0.9584749086066098,0.9957205377451641,0.5,0.3,0.0,0.0,0.5,0.5,0.0,0.35,3,253.57629227638245
PEMS04,SCAFFOLD,Byzantine_Noise,47,40,10,7825,0.3,0.35,1.0295510292053223,1.8949534893035889,1.9168634414672852,0.94455,0.8120784721859128,0.8017154423759092,0.8239900128961908,0.943687127862545,0.994120106477463,0.94307941198349,1.6914782524108887,1.7303314208984375,0.9588,0.8234709458229924,0.8173403697399655,0.8305740973952129,0.9582581203465216,0.995721564547156,0.5,0.3,0.0,0.0,0.5,0.5,0.0,0.35,3,254.10930919647217
PEMS04,FLTrust,Byzantine_Noise,42,40,10,7825,0.3,0.35,1.011993408203125,1.883257508277893,1.8590373992919922,0.94705,0.8230220641455036,0.8156196438272951,0.8317027661304046,0.9461032463872904,0.9940454644449407,0.934837281703949,1.678432822227478,1.6949588060379028,0.9613,0.8367917473104199,0.8280655927376888,0.8462527233899028,0.9607480647384747,0.9955730149692392,0.9047619047619048,0.13620499472053768,1.0,1.0,0.01671684579923749,0.006150543340481818,0.010566302458755672,0.35,3,271.3653824329376
PEMS04,FLTrust,Byzantine_Noise,43,40,10,7825,0.3,0.35,1.0524941682815552,1.9302467107772827,1.9978026151657104,0.9455,0.8057028534033265,0.7806913959383209,0.8367300245263811,0.9441593090213388,0.9933696860806477,0.9775343537330627,1.7487866878509521,1.8277965784072876,0.95865,0.8155542550250441,0.7937266708585844,0.8397910787489227,0.9578349090800886,0.9952491633079897,0.6428571428571428,0.12382037568627668,1.0,1.0,0.022066850481288775,0.007276392541825771,0.014790457939463004,0.35,3,271.6031610965729
PEMS04,FLTrust,Byzantine_Noise,44,40,10,7825,0.3,0.35,1.0802134275436401,1.964779019355774,2.029787302017212,0.94195,0.8020365922102594,0.799666801081021,0.8050690621702625,0.9417420125637138,0.9936744139945962,0.989740252494812,1.7505581378936768,1.7983243465423584,0.9565,0.8168408704741659,0.8201577545476562,0.8146641767342174,0.9566787853989648,0.9951480491225093,0.47619047619047616,0.10670610588398513,1.0,1.0,0.014860146745507206,0.004141854064073414,0.010718292681433792,0.35,3,271.10515689849854
PEMS04,FLTrust,Byzantine_Noise,45,40,10,7825,0.3,0.35,1.042007327079773,1.9263712167739868,1.935888409614563,0.94435,0.81291580158471,0.8120725651481191,0.8154050438495186,0.9437506818405557,0.9938565412719838,0.9677993059158325,1.762050986289978,1.7782953977584839,0.9571,0.8239998553201673,0.8226902798758055,0.8265647296665011,0.9567143229405463,0.9950154999841099,0.7619047619047619,0.02765573586129615,1.0,1.0,0.016709625587931702,0.0011089416220784187,0.015600683965853283,0.35,3,272.58699345588684
PEMS04,FLTrust,Byzantine_Noise,46,40,10,7825,0.3,0.35,1.0620750188827515,1.9641335010528564,1.9965108633041382,0.9439,0.8144695563735163,0.8054389322931627,0.8255468929313642,0.9429433518239042,0.9935984081135644,0.9774529337882996,1.7620655298233032,1.7999348640441895,0.9596,0.8306143275818719,0.8224920418162913,0.8392313898273265,0.9591327732062599,0.9953163788868303,0.47619047619047616,0.0805482691363016,1.0,1.0,0.0076935142278671265,0.0015726382068047922,0.006120876021062334,0.35,3,271.6870336532593
PEMS04,FLTrust,Byzantine_Noise,47,40,10,7825,0.3,0.35,1.0269488096237183,1.9093165397644043,1.9188261032104492,0.9453,0.8105138764804266,0.8046423708868098,0.8184576805649311,0.9442127039642275,0.9939502702586821,0.9412328004837036,1.6988224983215332,1.7268093824386597,0.9602,0.8337147482733183,0.8272060213496812,0.8415117309951652,0.9594922810596929,0.9954813092102477,0.6666666666666667,0.11349666203183428,1.0,1.0,0.011422699317336082,0.003412308171391487,0.008010391145944595,0.35,3,271.9039947986603
PEMS04,Multi-Krum,Byzantine_Noise,42,40,10,7825,0.3,0.35,0.9991618394851685,1.8394988775253296,1.8571041822433472,0.94705,0.8197817085380903,0.8090181053708955,0.8321602535112931,0.9462305127634149,0.9939474058989393,0.9246909022331238,1.6563299894332886,1.6884562969207764,0.9603,0.8346828674715562,0.8251554392958322,0.8449629336909883,0.9597336635121164,0.9955574479035034,1.0,0.0,1.0,0.14285714285714285,0.6666666666666667,0.11111111111111112,0.5555555555555556,0.35,3,248.47924208641052
PEMS04,Multi-Krum,Byzantine_Noise,43,40,10,7825,0.3,0.35,1.0024914741516113,1.853420615196228,1.8664132356643677,0.94745,0.8234627142866788,0.811390073011613,0.8373017613214293,0.946490801367345,0.9940697932320665,0.9293303489685059,1.6800774335861206,1.6938852071762085,0.9602,0.8351524953250099,0.8248676084194763,0.8461944038296922,0.9595511945424607,0.9954651148042415,1.0,0.0,1.0,0.14285714285714285,0.6666666666666666,0.11111111111111112,0.5555555555555555,0.35,3,248.3612458705902
PEMS04,Multi-Krum,Byzantine_Noise,44,40,10,7825,0.3,0.35,1.0072808265686035,1.8602969646453857,1.8718130588531494,0.9469,0.8197551542117484,0.8108587326268764,0.8301281289308632,0.9458221157102973,0.9940303752853625,0.929802656173706,1.671643853187561,1.6975423097610474,0.96075,0.8327189052549059,0.8248771566175194,0.8420965990779857,0.9600864067813247,0.9955533558746783,1.0,0.0,1.0,0.14285714285714285,0.6666666666666666,0.11111111111111112,0.5555555555555555,0.35,3,248.4873173236847
PEMS04,Multi-Krum,Byzantine_Noise,45,40,10,7825,0.3,0.35,1.0083545446395874,1.8863528966903687,1.8729753494262695,0.94615,0.8187113883953714,0.8116301467332413,0.827328201651711,0.9451856363169585,0.9940595395103416,0.9279422760009766,1.6750568151474,1.6893213987350464,0.9599,0.8312697485565822,0.8229461312297925,0.8412819631277719,0.9591926985145963,0.9954713727206692,1.0,0.0,1.0,0.14285714285714285,0.6666666666666667,0.11111111111111112,0.5555555555555556,0.35,3,247.90803217887878
PEMS04,Multi-Krum,Byzantine_Noise,46,40,10,7825,0.3,0.35,1.005199909210205,1.875760793685913,1.8659781217575073,0.94525,0.811667021370182,0.8067341747252451,0.8183349432414049,0.9442640145620049,0.9940048644377052,0.926181435585022,1.6729639768600464,1.691204309463501,0.96005,0.8313764409322311,0.8237142374940539,0.8406401225700847,0.9593169119870331,0.9955267714209046,1.0,0.0,1.0,0.14285714285714285,0.6666666666666667,0.11111111111111112,0.5555555555555556,0.35,3,248.68913173675537
PEMS04,Multi-Krum,Byzantine_Noise,47,40,10,7825,0.3,0.35,1.0104255676269531,1.882694959640503,1.8793575763702393,0.94595,0.8115191628557552,0.8025814692033155,0.8217870963747217,0.9448496887032829,0.993973545489805,0.9240961074829102,1.6572043895721436,1.6720272302627563,0.96005,0.8323969175095014,0.8226077260120176,0.8431557712304171,0.9593425100746544,0.995568287553509,1.0,0.0,1.0,0.14285714285714285,0.6666666666666667,0.11111111111111112,0.5555555555555556,0.35,3,248.82918572425842
PEMS04,Static-Mamdani-FL,Byzantine_Noise,42,40,10,7825,0.3,0.35,1.0643476247787476,1.8957713842391968,1.9944891929626465,0.94495,0.8119919699141036,0.7844663794353023,0.8458475309826514,0.9428825665966533,0.9934697693891115,0.9972904324531555,1.7281105518341064,1.8380118608474731,0.95915,0.8361038577571657,0.8099314549319834,0.865506243065113,0.9576374204372482,0.9953542002555166,1.0,0.14588072319595463,0.6666666666666666,0.0,0.9091191962819037,0.3623072272560714,0.5468119690258324,0.35,3,250.76331162452698
PEMS04,Static-Mamdani-FL,Byzantine_Noise,43,40,10,7825,0.3,0.35,1.8336567878723145,2.47745680809021,3.2054543495178223,0.93585,0.7892658172686257,0.7512302280158464,0.8428272167909286,0.9300038165085611,0.9936425245440669,1.765106201171875,2.321500062942505,3.0293233394622803,0.94855,0.7925236127398974,0.7533502032100632,0.8461807785661556,0.9436615785547053,0.9950442805156272,1.0,0.1771790382289493,0.3333333333333333,0.0,0.8668767566827988,0.4355531276088965,0.43132362907390237,0.35,3,250.31582260131836
PEMS04,Static-Mamdani-FL,Byzantine_Noise,44,40,10,7825,0.3,0.35,1.07691490650177,1.9715253114700317,2.0758228302001953,0.94515,0.8024816648331965,0.7953621864866612,0.8183267715710366,0.9431523597023246,0.9938227664690411,0.993606448173523,1.7557811737060547,1.896716833114624,0.9584,0.8168972809128429,0.810384386372019,0.8303058835533967,0.9570788981969105,0.9956059264858406,1.0,0.14373653697984803,0.3333333333333333,0.0,0.8985997418786277,0.3519677234276107,0.5466320184510169,0.35,3,250.0230791568756
PEMS04,Static-Mamdani-FL,Byzantine_Noise,45,40,10,7825,0.3,0.35,1.2861918210983276,2.032743453979492,2.297327756881714,0.9395,0.8102069657352882,0.8245770408765308,0.7982730905053516,0.9407326380772125,0.9937496047814507,1.2073097229003906,1.824604868888855,2.1134064197540283,0.95495,0.8288200374505207,0.84385432614528,0.8165637814390673,0.9561293252754269,0.9954903030209595,1.0,0.13939444829353323,0.6666666666666666,0.0,0.903583086458603,0.341496464910317,0.562086621548286,0.35,3,249.39749693870544
PEMS04,Static-Mamdani-FL,Byzantine_Noise,46,40,10,7825,0.3,0.35,1.6543503999710083,2.3341269493103027,2.953343391418457,0.9394,0.7894327587858028,0.7544698348078074,0.8374738611773571,0.9353588562817493,0.9936897511333411,1.5838292837142944,2.1599788665771484,2.773963212966919,0.9513,0.8014213959631012,0.7671779014970689,0.8444925407534518,0.947949139291113,0.9951608486303702,1.0,0.13186230306620603,1.0,0.0,0.8827509749598507,0.3128578331228915,0.5698931418369592,0.35,3,250.66011261940002
PEMS04,Static-Mamdani-FL,Byzantine_Noise,47,40,10,7825,0.3,0.35,1.0815094709396362,1.9207156896591187,2.087664842605591,0.94465,0.8069078920038179,0.7821617184112251,0.8393434981690501,0.9429500771166406,0.9938185110965153,1.0007225275039673,1.7371937036514282,1.9021223783493042,0.95655,0.8126380141168307,0.7887620679812322,0.8389186370123841,0.955328593917035,0.9952968723877793,1.0,0.1435269143541943,1.0,0.0,0.815513791148063,0.31888032448780024,0.49663346666026276,0.35,3,250.87873578071594
PEMS04,ZeroTrust-ANFIS-FL,Byzantine_Noise,42,40,10,7825,0.3,0.35,1.0005601644515991,1.8540016412734985,1.8577245473861694,0.94745,0.8203579318913772,0.8092815737820886,0.832667297787404,0.9463969145067233,0.9940671864284889,0.927294909954071,1.67056143283844,1.681721806526184,0.9605,0.8331154139831416,0.8233074635709567,0.844011165048648,0.9597769963775968,0.99551090149206,1.0,0.0,1.0,0.0,0.6948509787822424,0.2167547818050964,0.478096196977146,0.45713380496060874,3,250.93693113327026
PEMS04,ZeroTrust-ANFIS-FL,Byzantine_Noise,43,40,10,7825,0.3,0.35,1.003264307975769,1.8448759317398071,1.8574495315551758,0.94775,0.8231721991598194,0.8126912679453653,0.8351784653098557,0.9468544113063857,0.9941037817405951,0.927645206451416,1.671032428741455,1.6834927797317505,0.96095,0.8349702817674987,0.825534158408499,0.8451093247679875,0.9603619362069269,0.9955096044437823,1.0,0.0,1.0,0.0,0.6912518739296966,0.2143854575522565,0.4768664163774401,0.4605218815515355,3,249.7408401966095
PEMS04,ZeroTrust-ANFIS-FL,Byzantine_Noise,44,40,10,7825,0.3,0.35,1.0111000537872314,1.862409234046936,1.8902705907821655,0.94645,0.818732383037216,0.80825648033867,0.8303163201162886,0.9456237120622125,0.9940905116429614,0.9304021596908569,1.6799696683883667,1.695521593093872,0.96045,0.8335140753665928,0.824282046478529,0.8440491291337254,0.9599216168832482,0.9954314884294903,1.0,0.0,1.0,0.0,0.6980438769333241,0.22920400266885732,0.4688398742644668,0.46991885653245297,3,250.4755458831787
PEMS04,ZeroTrust-ANFIS-FL,Byzantine_Noise,45,40,10,7825,0.3,0.35,1.0061529874801636,1.874536156654358,1.8651820421218872,0.94635,0.8140977889167766,0.807768929675345,0.8227286668350035,0.9453713692097812,0.9941988118220026,0.9255914092063904,1.6739535331726074,1.6873376369476318,0.96065,0.8316028547707706,0.8255922898757859,0.8397105212340185,0.9599856880743971,0.9954818090787895,1.0,0.0,1.0,0.0,0.6920029264317321,0.20300594908771522,0.4889969773440169,0.44990136662909036,3,250.87681078910828
PEMS04,ZeroTrust-ANFIS-FL,Byzantine_Noise,46,40,10,7825,0.3,0.35,1.0066487789154053,1.8735578060150146,1.866506814956665,0.9464,0.8201324456033092,0.8148759658910031,0.8266422706013531,0.9455065095351957,0.9939555793881256,0.9278093576431274,1.6739670038223267,1.6824148893356323,0.96025,0.833008829816872,0.8253742034196561,0.8412287746338377,0.9596836495672316,0.9955349352112817,1.0,0.0,1.0,0.0,0.6993601119996445,0.21684687876977513,0.4825132332298694,0.4668709469400267,3,249.52534103393555
PEMS04,ZeroTrust-ANFIS-FL,Byzantine_Noise,47,40,10,7825,0.3,0.35,1.0066784620285034,1.8606066703796387,1.8800506591796875,0.9464,0.8168305993446421,0.8047517533666276,0.8304052857630839,0.9452715888929257,0.9939398449907005,0.9268694519996643,1.6592570543289185,1.6927903890609741,0.96045,0.8384054698291175,0.8266343145400672,0.8511477408968966,0.9597186153996105,0.9955796989925756,1.0,0.0,1.0,0.0,0.6968317495607051,0.20097257864942583,0.4958591709112793,0.4490115243506061,3,250.03960990905762
PEMS04,FedAvg,Label_Flipping,42,40,10,7825,0.3,0.35,2.5422770977020264,3.6157140731811523,5.353044033050537,0.9046,0.444896609255432,0.4233270922007943,0.6441979852366436,0.8937876080186695,0.9928129377648289,2.548861026763916,3.5418126583099365,5.208148002624512,0.92105,0.4310629215271816,0.4105694558216232,0.6311596171491168,0.9122087932663553,0.9948617435076685,0.5,0.3,0.0,0.0,0.5,0.5,0.0,0.35,3,247.34045386314392
PEMS04,FedAvg,Label_Flipping,43,40,10,7825,0.3,0.35,2.419869899749756,3.090076208114624,4.604640007019043,0.93065,0.6667288203792281,0.6412389412646375,0.7687894614341827,0.9287769114408778,0.9933336680905837,2.4724764823913574,3.0819427967071533,4.579962253570557,0.9437,0.6594717190630478,0.634277114161504,0.7495197497528794,0.9424134664712461,0.9954242556870755,0.5,0.3,0.0,0.0,0.5,0.5,0.0,0.35,3,247.59994530677795
PEMS04,FedAvg,Label_Flipping,44,40,10,7825,0.3,0.35,2.040860891342163,3.0456624031066895,4.299203872680664,0.9115,0.5413637729079115,0.4989046697552909,0.7047361320377334,0.9021304749585973,0.9932521908667271,2.0171027183532715,2.9824647903442383,4.15875244140625,0.92595,0.5358323301730975,0.487725840589072,0.6863838018444811,0.9183962041588526,0.994697288382963,0.5,0.3,0.0,0.0,0.5,0.5,0.0,0.35,3,248.02903032302856
PEMS04,FedAvg,Label_Flipping,45,40,10,7825,0.3,0.35,2.2865147590637207,3.409285545349121,4.905999660491943,0.8913,0.4418926819980573,0.4092248387501285,0.651386473666567,0.8739109502466823,0.9919952496081641,2.237236738204956,3.3058252334594727,4.693382740020752,0.90775,0.4206280320719883,0.3847947240017736,0.6288236181658766,0.8927063680361996,0.9944065589275681,0.5,0.3,0.0,0.0,0.5,0.5,0.0,0.35,3,247.68225836753845
PEMS04,FedAvg,Label_Flipping,46,40,10,7825,0.3,0.35,2.5441699028015137,3.310595750808716,4.968522548675537,0.9241,0.5843597518138497,0.5637225824598691,0.7337337561135835,0.9193988161446518,0.9926557461576879,2.588165283203125,3.2756221294403076,4.906060218811035,0.9362,0.584622910594929,0.555363367903638,0.7201718268220001,0.9325526694265265,0.9948281916998791,0.5,0.3,0.0,0.0,0.5,0.5,0.0,0.35,3,248.7927393913269
PEMS04,FedAvg,Label_Flipping,47,40,10,7825,0.3,0.35,2.51554536819458,3.811068058013916,5.483680725097656,0.8756,0.35348018142868975,0.32841641244057634,0.5752945327590766,0.8523195469471712,0.992221686634241,2.453561305999756,3.6782209873199463,5.208131790161133,0.89655,0.34865012303005816,0.32077301552873366,0.5674506774115204,0.8769085304894719,0.9942783611619689,0.5,0.3,0.0,0.0,0.5,0.5,0.0,0.35,3,247.79694199562073
PEMS04,FedProx,Label_Flipping,42,40,10,7825,0.3,0.35,2.7899587154388428,4.582611083984375,6.530017375946045,0.87835,0.29666637758200254,0.28825872385809603,0.3159440350276671,0.8562817095531298,0.9932194272664825,2.741990327835083,4.4305009841918945,6.234578609466553,0.8967,0.28372449429650737,0.2735467841389565,0.30695711953737714,0.8775588521600561,0.9950518639320298,0.5,0.3,0.0,0.0,0.5,0.5,0.0,0.35,3,398.69865250587463
PEMS04,FedProx,Label_Flipping,43,40,10,7825,0.3,0.35,2.829949378967285,4.777844429016113,6.746365070343018,0.8729,0.27905210230235156,0.27228572119121136,0.2954529543952412,0.8480023535664213,0.9933473224168707,2.7652719020843506,4.605952262878418,6.413448810577393,0.893,0.2699148108525093,0.2620667222916624,0.2894219734687603,0.8715891035338232,0.9951801105454463,0.5,0.3,0.0,0.0,0.5,0.5,0.0,0.35,3,397.5216648578644
PEMS04,FedProx,Label_Flipping,44,40,10,7825,0.3,0.35,2.8488807678222656,4.764102935791016,6.7514448165893555,0.8787,0.29264654068519624,0.2855285155016337,0.309068824879368,0.8562986868561113,0.9928198799456696,2.7962334156036377,4.598202705383301,6.437880516052246,0.897,0.28216924780529884,0.27379987789470317,0.30168359171707887,0.8776169900054388,0.9944581458168541,0.5,0.3,0.0,0.0,0.5,0.5,0.0,0.35,3,398.7158968448639
PEMS04,FedProx,Label_Flipping,45,40,10,7825,0.3,0.35,2.8009114265441895,4.6069560050964355,6.558053970336914,0.88025,0.29776575774925185,0.2900665540477031,0.31373458146114924,0.8588441342016122,0.9930951032629627,2.7505197525024414,4.444521903991699,6.254641056060791,0.8983,0.28806262766615076,0.27821925395974945,0.30959208476822453,0.8797750502484226,0.9948748799984991,0.5,0.3,0.0,0.0,0.5,0.5,0.0,0.35,3,398.3349003791809
PEMS04,FedProx,Label_Flipping,46,40,10,7825,0.3,0.35,2.802933692932129,4.688406944274902,6.659151554107666,0.88015,0.29685583671074084,0.28985930476595856,0.31153123402585126,0.8587263400391816,0.9932694772118837,2.7513012886047363,4.525758743286133,6.3512349128723145,0.89855,0.2871423060203141,0.2780076678642557,0.307780251185536,0.8803198968308985,0.995037720623599,0.5,0.3,0.0,0.0,0.5,0.5,0.0,0.35,3,396.4788227081299
PEMS04,FedProx,Label_Flipping,47,40,10,7825,0.3,0.35,2.81408429145813,4.778468132019043,6.720975875854492,0.87895,0.2907945303230657,0.28452232897880936,0.30334045848943597,0.8565047347087255,0.9929975608828007,2.756354331970215,4.609439849853516,6.3993730545043945,0.8963,0.27890699935703184,0.27135894100613306,0.29550768413887674,0.8766124987882915,0.9947858423428322,0.5,0.3,0.0,0.0,0.5,0.5,0.0,0.35,3,397.35414147377014
PEMS04,SCAFFOLD,Label_Flipping,42,40,10,7825,0.3,0.35,1.1885080337524414,2.0692083835601807,2.2028653621673584,0.9433,0.7984629833526815,0.7757359634391183,0.8275412714914434,0.9402503649817053,0.9933697916514442,1.110176682472229,1.8958245515823364,2.0337140560150146,0.95515,0.8022125873714492,0.7805273411538453,0.8301429798621436,0.9526943255925964,0.9946011080590497,0.5,0.3,0.0,0.0,0.5,0.5,0.0,0.35,3,252.73224472999573
PEMS04,SCAFFOLD,Label_Flipping,43,40,10,7825,0.3,0.35,1.1729685068130493,2.1006479263305664,2.1811318397521973,0.94005,0.7895958573126389,0.761663103338107,0.8256610997729767,0.9361663449678356,0.992929418081326,1.0904767513275146,1.9355120658874512,2.003558397293091,0.95145,0.7793470889469761,0.7528854221603963,0.8149568263541486,0.9482418985977176,0.9942886299559808,0.5,0.3,0.0,0.0,0.5,0.5,0.0,0.35,3,251.74412631988525
PEMS04,SCAFFOLD,Label_Flipping,44,40,10,7825,0.3,0.35,2.3428163528442383,3.71471905708313,4.740201950073242,0.8792,0.5619957533888332,0.6487008911925203,0.5159030295225169,0.8884457878496003,0.9924576259931976,2.160383462905884,3.3861002922058105,4.328058242797852,0.90605,0.5850356765666873,0.6726044304825078,0.5441790746394259,0.9129993202805623,0.993725159267433,0.5,0.3,0.0,0.0,0.5,0.5,0.0,0.35,3,252.92165064811707
PEMS04,SCAFFOLD,Label_Flipping,45,40,10,7825,0.3,0.35,1.2497365474700928,2.135967493057251,2.3490140438079834,0.937,0.771910356303397,0.736725835993062,0.8173890921617956,0.9323684299361963,0.99319165970933,1.1859647035598755,2.0095391273498535,2.1992883682250977,0.9491,0.7649777745679197,0.730231184239266,0.8109950388324766,0.9451958028536641,0.9944201693802466,0.5,0.3,0.0,0.0,0.5,0.5,0.0,0.35,3,251.96121668815613
PEMS04,SCAFFOLD,Label_Flipping,46,40,10,7825,0.3,0.35,1.1803696155548096,2.104227066040039,2.2054924964904785,0.9423,0.7869119130343841,0.7688718482974595,0.814567196057002,0.938940884460006,0.9931497311595037,1.0933054685592651,1.9299595355987549,2.028055191040039,0.9544,0.7956334941904207,0.7763723739925595,0.8246737209366616,0.9516737698555895,0.9944241106063499,0.5,0.3,0.0,0.0,0.5,0.5,0.0,0.35,3,252.56162118911743
PEMS04,SCAFFOLD,Label_Flipping,47,40,10,7825,0.3,0.35,1.151915192604065,2.159794807434082,2.2548305988311768,0.94115,0.7798069018314158,0.7825954365673231,0.7868109042865212,0.9394339190231421,0.9930611840409969,1.0590282678604126,1.9665064811706543,2.0631301403045654,0.9542,0.7821567539752948,0.7843321446335757,0.7909855981581566,0.9527731448399827,0.9942527109534921,0.5,0.3,0.0,0.0,0.5,0.5,0.0,0.35,3,252.45544338226318
PEMS04,FLTrust,Label_Flipping,42,40,10,7825,0.3,0.35,1.0160484313964844,1.8798441886901855,1.9103541374206543,0.94665,0.8221231558225451,0.8074809284229012,0.8391981145084492,0.9456997988769481,0.9938893359735976,0.9424134492874146,1.6988481283187866,1.7447417974472046,0.9601,0.8271186163981887,0.8113468634129586,0.8439625929359392,0.9594401707366873,0.9954374838570444,0.9285714285714286,0.0,1.0,1.0,0.015213858801871538,0.0,0.015213858801871538,0.35,3,272.15489172935486
PEMS04,FLTrust,Label_Flipping,43,40,10,7825,0.3,0.35,1.219834566116333,2.0867838859558105,2.2841577529907227,0.9445,0.7980743635206824,0.8114832877807429,0.7904723525332452,0.9440264138245565,0.9934920330404924,1.1385771036148071,1.8851165771484375,2.106820583343506,0.95875,0.8162343337522276,0.8267517238813749,0.8121545182976331,0.9584273347409337,0.9952964847035994,1.0,0.0,1.0,1.0,0.08196804406387466,0.0,0.08196804406387466,0.35,3,272.79342555999756
PEMS04,FLTrust,Label_Flipping,44,40,10,7825,0.3,0.35,1.2838733196258545,2.0726399421691895,2.5019121170043945,0.93985,0.7719733404010349,0.7391260326667387,0.8185239951002871,0.938156563753499,0.9938993241652949,1.2316621541976929,1.9514020681381226,2.344266891479492,0.9538,0.7728124502569637,0.7397242257662605,0.8142264955508332,0.9525807751619686,0.9950837638640215,0.6190476190476191,0.13564461772839614,1.0,1.0,0.015064198124621595,0.005516111229856809,0.009548086894764787,0.35,3,273.533038854599
PEMS04,FLTrust,Label_Flipping,45,40,10,7825,0.3,0.35,3.6897449493408203,5.944112777709961,8.525156021118164,0.86335,0.25328512710868434,0.25078635972600904,0.27882243370251536,0.8309947528800785,0.9788050613261334,3.6294140815734863,5.739117622375488,8.149083137512207,0.8861,0.2468074066600147,0.24454535798883364,0.25466089319057905,0.858428450165528,0.9808813287238878,0.09523809523809526,0.5267732378888087,1.0,1.0,0.015617617006812776,0.040564484894275665,-0.02494686788746289,0.35,3,271.946790933609
PEMS04,FLTrust,Label_Flipping,46,40,10,7825,0.3,0.35,1.2000150680541992,2.1204476356506348,2.262476921081543,0.9417,0.7850172888591517,0.8008815126882398,0.7757409794287052,0.9408660636292582,0.9937856951255801,1.0939223766326904,1.8552756309509277,2.028204917907715,0.95755,0.8113005701930774,0.824278093495462,0.8045508902012793,0.956962324799815,0.9955192608885662,0.9285714285714286,0.0,1.0,1.0,0.0237118448297094,0.0,0.0237118448297094,0.35,3,273.0132689476013
PEMS04,FLTrust,Label_Flipping,47,40,10,7825,0.3,0.35,1.6757457256317139,2.607130289077759,3.5377089977264404,0.9254,0.6287767648762873,0.5882200403290783,0.7421751589019465,0.9209858547081194,0.9928502099319062,1.6218273639678955,2.468433380126953,3.322195291519165,0.94045,0.6365192567506002,0.5932929327662865,0.7392798873033241,0.9373059464228422,0.9951544602291457,0.5714285714285714,0.1969655172645018,1.0,1.0,0.023422770235421404,0.013405130710452795,0.010017639524968609,0.35,3,273.467511177063
PEMS04,Multi-Krum,Label_Flipping,42,40,10,7825,0.3,0.35,0.9991618394851685,1.8394988775253296,1.8571041822433472,0.94705,0.8197817085380903,0.8090181053708955,0.8321602535112931,0.9462305127634149,0.9939474058989393,0.9246909022331238,1.6563299894332886,1.6884562969207764,0.9603,0.8346828674715562,0.8251554392958322,0.8449629336909883,0.9597336635121164,0.9955574479035034,1.0,0.0,1.0,0.14285714285714285,0.6666666666666667,0.11111111111111112,0.5555555555555556,0.35,3,248.35345697402954
PEMS04,Multi-Krum,Label_Flipping,43,40,10,7825,0.3,0.35,1.0024914741516113,1.853420615196228,1.8664132356643677,0.94745,0.8234627142866788,0.811390073011613,0.8373017613214293,0.946490801367345,0.9940697932320665,0.9293303489685059,1.6800774335861206,1.6938852071762085,0.9602,0.8351524953250099,0.8248676084194763,0.8461944038296922,0.9595511945424607,0.9954651148042415,1.0,0.0,1.0,0.14285714285714285,0.6666666666666666,0.11111111111111112,0.5555555555555555,0.35,3,247.11181163787842
PEMS04,Multi-Krum,Label_Flipping,44,40,10,7825,0.3,0.35,1.0072808265686035,1.8602969646453857,1.8718130588531494,0.9469,0.8197551542117484,0.8108587326268764,0.8301281289308632,0.9458221157102973,0.9940303752853625,0.929802656173706,1.671643853187561,1.6975423097610474,0.96075,0.8327189052549059,0.8248771566175194,0.8420965990779857,0.9600864067813247,0.9955533558746783,1.0,0.0,1.0,0.14285714285714285,0.6666666666666666,0.11111111111111112,0.5555555555555555,0.35,3,247.25925302505493
PEMS04,Multi-Krum,Label_Flipping,45,40,10,7825,0.3,0.35,1.0083545446395874,1.8863528966903687,1.8729753494262695,0.94615,0.8187113883953714,0.8116301467332413,0.827328201651711,0.9451856363169585,0.9940595395103416,0.9279422760009766,1.6750568151474,1.6893213987350464,0.9599,0.8312697485565822,0.8229461312297925,0.8412819631277719,0.9591926985145963,0.9954713727206692,1.0,0.0,1.0,0.14285714285714285,0.6666666666666667,0.11111111111111112,0.5555555555555556,0.35,3,247.6269814968109
PEMS04,Multi-Krum,Label_Flipping,46,40,10,7825,0.3,0.35,1.005199909210205,1.875760793685913,1.8659781217575073,0.94525,0.811667021370182,0.8067341747252451,0.8183349432414049,0.9442640145620049,0.9940048644377052,0.926181435585022,1.6729639768600464,1.691204309463501,0.96005,0.8313764409322311,0.8237142374940539,0.8406401225700847,0.9593169119870331,0.9955267714209046,1.0,0.0,1.0,0.14285714285714285,0.6666666666666667,0.11111111111111112,0.5555555555555556,0.35,3,247.77691984176636
PEMS04,Multi-Krum,Label_Flipping,47,40,10,7825,0.3,0.35,1.0104255676269531,1.882694959640503,1.8793575763702393,0.94595,0.8115191628557552,0.8025814692033155,0.8217870963747217,0.9448496887032829,0.993973545489805,0.9240961074829102,1.6572043895721436,1.6720272302627563,0.96005,0.8323969175095014,0.8226077260120176,0.8431557712304171,0.9593425100746544,0.995568287553509,1.0,0.0,1.0,0.14285714285714285,0.6666666666666667,0.11111111111111112,0.5555555555555556,0.35,3,248.46702241897583
PEMS04,Static-Mamdani-FL,Label_Flipping,42,40,10,7825,0.3,0.35,1.7262130975723267,2.560245990753174,3.5343191623687744,0.93075,0.666438444835638,0.6239506599042344,0.7730951733600638,0.9266094075013299,0.9935035643563705,1.6957488059997559,2.4394845962524414,3.365429401397705,0.9427,0.6583637228463832,0.6125761728829241,0.7557216560575545,0.9394200211489693,0.9951914364082464,1.0,0.19062812189067144,0.0,0.0,0.8853797847985589,0.4865699071534517,0.3988098776451072,0.35,3,250.67245197296143
PEMS04,Static-Mamdani-FL,Label_Flipping,43,40,10,7825,0.3,0.35,1.6475416421890259,2.3596460819244385,3.1528263092041016,0.93995,0.7534163263414108,0.7134183036562671,0.8148476526230966,0.9377245209176274,0.9934652527344043,1.6404961347579956,2.286992073059082,3.054816722869873,0.95295,0.7576163272537874,0.7180992871939365,0.8116397761901422,0.9513780143303037,0.9951121858153987,1.0,0.19590634769369913,0.0,0.0,0.8555418001783556,0.48636228804134357,0.369179512137012,0.35,3,251.18651032447815
PEMS04,Static-Mamdani-FL,Label_Flipping,44,40,10,7825,0.3,0.35,1.915751576423645,2.9946775436401367,4.1899333000183105,0.91205,0.5178876298865843,0.4822424155860059,0.6910227568667375,0.902834651446808,0.9932223354376872,1.8692688941955566,2.8857920169830322,3.9837186336517334,0.9269,0.5122075220727001,0.47264488170718383,0.6729581600256914,0.9197076057341359,0.9947808083510288,1.0,0.20136477714666784,0.0,0.0,0.8350216816832644,0.491257940309861,0.34376374137340343,0.35,3,251.63815069198608
PEMS04,Static-Mamdani-FL,Label_Flipping,45,40,10,7825,0.3,0.35,1.8042356967926025,2.6937808990478516,3.7597596645355225,0.92365,0.6140602255627102,0.5704332990510071,0.7387294085005721,0.9178933456275652,0.9938145091026968,1.7633332014083862,2.580496072769165,3.579737901687622,0.93565,0.6003919319602338,0.5539404431546373,0.7192949198519488,0.931113662369992,0.9953755361064052,1.0,0.19417246000264754,0.0,0.0,0.8755624536075052,0.49227688285278043,0.38328557075472475,0.35,3,249.40691328048706
PEMS04,Static-Mamdani-FL,Label_Flipping,46,40,10,7825,0.3,0.35,1.7747451066970825,2.508493185043335,3.466331958770752,0.9347,0.7137641848079238,0.6720906977328139,0.7945272534030765,0.9317984929977305,0.9939723740628217,1.7598121166229248,2.398031711578369,3.3228726387023926,0.9467,0.7129990371592168,0.6701029891088368,0.7838452292949069,0.9444131944180042,0.9953780620189099,1.0,0.2011556800588851,0.0,0.0,0.8358625227609254,0.4911134038810478,0.34474911887987764,0.35,3,250.37681794166565
PEMS04,Static-Mamdani-FL,Label_Flipping,47,40,10,7825,0.3,0.35,1.796064019203186,2.5019843578338623,3.5192110538482666,0.9355,0.7124119138088236,0.6793629040535618,0.7888162521775102,0.9338495073205484,0.9938314967462046,1.78578519821167,2.41876220703125,3.4044806957244873,0.9484,0.7075099735479854,0.674058307522859,0.7786916275341265,0.9470233497921052,0.9954873180544821,1.0,0.19756881709873536,0.0,0.0,0.837456259940333,0.4811156907565442,0.3563405691837888,0.35,3,249.85147619247437
PEMS04,ZeroTrust-ANFIS-FL,Label_Flipping,42,40,10,7825,0.3,0.35,1.0027750730514526,1.8550082445144653,1.8553392887115479,0.94715,0.8216373032417039,0.8135589799245505,0.8307508712414151,0.9463546331765726,0.9936287351843363,0.9259799718856812,1.6642887592315674,1.6790030002593994,0.9612,0.8360840626974075,0.8297691185211485,0.843573268428645,0.9607697643580725,0.9956507624420812,1.0,0.0,1.0,0.0,0.6872805488562423,0.39136024699842326,0.2959203018578191,0.5299553576727651,3,248.65052366256714
PEMS04,ZeroTrust-ANFIS-FL,Label_Flipping,43,40,10,7825,0.3,0.35,1.0061976909637451,1.8692724704742432,1.8641124963760376,0.94685,0.8193341441230013,0.8125438853149252,0.8270376661861413,0.9458994137454614,0.9938622497867331,0.925169050693512,1.671759009361267,1.6835918426513672,0.9596,0.8291048713495078,0.8221390809266589,0.8373818375450627,0.9589407848511345,0.9955641237804246,1.0,0.0,1.0,0.0,0.6936874520396212,0.35905309992408235,0.3346343521155389,0.5172922546201085,3,250.83592176437378
PEMS04,ZeroTrust-ANFIS-FL,Label_Flipping,44,40,10,7825,0.3,0.35,1.0078108310699463,1.8491322994232178,1.8895334005355835,0.94645,0.8175048225006186,0.8070598421410663,0.8291739684368589,0.9455801778403485,0.993991582702045,0.9311791062355042,1.679558277130127,1.706096887588501,0.96085,0.8352544228787456,0.8245695749846865,0.8471349784701575,0.9603372854741432,0.9953306335668587,1.0,0.0,1.0,0.0,0.6921441368135544,0.3695819337141837,0.32256220309937067,0.523843366168358,3,249.8941822052002
PEMS04,ZeroTrust-ANFIS-FL,Label_Flipping,45,40,10,7825,0.3,0.35,1.011344313621521,1.8838590383529663,1.8934259414672852,0.9458,0.8097172521083499,0.8021223132977896,0.8198032445474841,0.9446474400022924,0.9939337780152597,0.9303116202354431,1.6783814430236816,1.720916509628296,0.96105,0.8341171973390089,0.8269498508222884,0.8442747682133085,0.9602729294357841,0.9955395114369638,1.0,0.0,1.0,0.0,0.6783101748098438,0.3814063024435315,0.29690387236631227,0.5203424622548932,3,250.10145902633667
PEMS04,ZeroTrust-ANFIS-FL,Label_Flipping,46,40,10,7825,0.3,0.35,1.004136562347412,1.8676061630249023,1.8495032787322998,0.94615,0.8127697203466322,0.8038015622068017,0.8230459753698481,0.9451270698880915,0.9939567053149296,0.9289130568504333,1.6631383895874023,1.6874847412109375,0.9607,0.8373348643545425,0.8269197390464544,0.8489878129406799,0.9599005805146947,0.9954641691766264,1.0,0.0,1.0,0.0,0.6962233460456126,0.3551967905554931,0.34102655549011957,0.5013196552252623,3,249.38870525360107
PEMS04,ZeroTrust-ANFIS-FL,Label_Flipping,47,40,10,7825,0.3,0.35,1.0057454109191895,1.8597602844238281,1.8749064207077026,0.94585,0.8146629144201057,0.8079580388155858,0.8226181696493631,0.9449142753774753,0.9940686500963242,0.9241710901260376,1.6648011207580566,1.6720969676971436,0.9611,0.8390392988252364,0.8298520065943583,0.8494389221021967,0.9604500287439843,0.9955735375185216,1.0,0.0,1.0,0.0,0.7681009185785497,0.35793251845982627,0.4101684001187234,0.5471126684262003,3,249.35529041290283
PEMS04,FedAvg,Sybil_Poisoning,42,40,10,7825,0.3,0.35,2.8082683086395264,3.3164737224578857,5.194247722625732,0.88525,0.6454446994391139,0.6800299733776696,0.7317788438797206,0.8946538707766309,0.993710209570539,2.8184032440185547,3.262453317642212,5.108139514923096,0.90355,0.6554828151080098,0.6888512362971578,0.7208779410109459,0.9128862621408629,0.9955564400393698,0.5,0.3,0.0,0.0,0.5,0.5,0.0,0.35,3,247.69659614562988
PEMS04,FedAvg,Sybil_Poisoning,43,40,10,7825,0.3,0.35,3.0797667503356934,3.5769543647766113,5.698117733001709,0.86195,0.598918027379516,0.6517453589957569,0.7089175951708592,0.8754812251891848,0.9934709016534355,3.100315570831299,3.535672903060913,5.606202602386475,0.88485,0.6176188029318872,0.666105793017552,0.7003053209513049,0.8981790662418736,0.9954680065950963,0.5,0.3,0.0,0.0,0.5,0.5,0.0,0.35,3,248.07256031036377
PEMS04,FedAvg,Sybil_Poisoning,44,40,10,7825,0.3,0.35,2.7349438667297363,3.2643516063690186,5.100779056549072,0.8874,0.6487092484010768,0.6759727302031566,0.7229081942944384,0.896564923116102,0.993445269678354,2.752384662628174,3.2210049629211426,5.036841869354248,0.90445,0.6352896163664487,0.6644100757996354,0.7050639792787836,0.9130461993098921,0.9954176813677861,0.5,0.3,0.0,0.0,0.5,0.5,0.0,0.35,3,247.9887228012085
PEMS04,FedAvg,Sybil_Poisoning,45,40,10,7825,0.3,0.35,3.232316732406616,3.721374273300171,5.906696796417236,0.8641,0.6032581303605007,0.6495625786925195,0.7072355417328011,0.8773599669685569,0.9932529873599948,3.2688534259796143,3.6966991424560547,5.842656135559082,0.8854,0.6070467290953422,0.6511089947490148,0.6889774743864236,0.898369198803023,0.9953920276608967,0.5,0.3,0.0,0.0,0.5,0.5,0.0,0.35,3,249.2749319076538
PEMS04,FedAvg,Sybil_Poisoning,46,40,10,7825,0.3,0.35,2.9498889446258545,3.475437879562378,5.472893714904785,0.88115,0.6205266002234989,0.6598706860036487,0.7240149131821422,0.8905312774467862,0.9934357674331566,2.9787871837615967,3.4392383098602295,5.393704414367676,0.9005,0.6272040798377635,0.6595892495521334,0.709752638943931,0.9096915494957013,0.9952189885312234,0.5,0.3,0.0,0.0,0.5,0.5,0.0,0.35,3,248.8846914768219
PEMS04,FedAvg,Sybil_Poisoning,47,40,10,7825,0.3,0.35,2.8986172676086426,3.395223617553711,5.332801342010498,0.8846,0.6435361244367598,0.6790768420138503,0.7303665191490777,0.8941206102196742,0.993657492733512,2.9230337142944336,3.3572998046875,5.263077259063721,0.90285,0.6476390438832513,0.6828061629216207,0.716950466931908,0.9121507518384339,0.9955991849124626,0.5,0.3,0.0,0.0,0.5,0.5,0.0,0.35,3,248.41553211212158
PEMS04,FedProx,Sybil_Poisoning,42,40,10,7825,0.3,0.35,3.1599905490875244,3.6924564838409424,5.83057975769043,0.8797,0.5974399360589793,0.6336175628050249,0.7149348879857654,0.8886313608510663,0.9932040227828621,3.2364227771759033,3.7051796913146973,5.83306884765625,0.89785,0.6014081376782652,0.636263992044268,0.695735378040468,0.9070011732462786,0.9952264588611711,0.5,0.3,0.0,0.0,0.5,0.5,0.0,0.35,3,394.06258034706116
PEMS04,FedProx,Sybil_Poisoning,43,40,10,7825,0.3,0.35,3.3108444213867188,3.8397016525268555,6.0374650955200195,0.87685,0.6029039548212286,0.6372551951689974,0.7150119711497791,0.8867072341297327,0.993190375483769,3.408754348754883,3.877187490463257,6.072104454040527,0.89575,0.6056469175790581,0.6397512005221779,0.696684158977139,0.9056198144278207,0.9952257666106147,0.5,0.3,0.0,0.0,0.5,0.5,0.0,0.35,3,396.61960196495056
PEMS04,FedProx,Sybil_Poisoning,44,40,10,7825,0.3,0.35,2.999145746231079,3.5603437423706055,5.651376724243164,0.87625,0.5799960622486724,0.6192977193180658,0.7040759572308897,0.8855082789392283,0.9932873548679014,3.0418503284454346,3.537802219390869,5.599519729614258,0.89515,0.5765910963712837,0.6132583261075073,0.6864872460749911,0.9042217171396032,0.9951110448221145,0.5,0.3,0.0,0.0,0.5,0.5,0.0,0.35,3,394.12095880508423
PEMS04,FedProx,Sybil_Poisoning,45,40,10,7825,0.3,0.35,3.391486406326294,3.9104979038238525,6.186089992523193,0.8589,0.5875747766051438,0.6320293236342654,0.704416222633531,0.8727823075026736,0.9929303270458409,3.4870378971099854,3.945033550262451,6.2143964767456055,0.8785,0.589182788492545,0.6327763562385498,0.6855628228717894,0.8925675342584997,0.9949182287078764,0.5,0.3,0.0,0.0,0.5,0.5,0.0,0.35,3,396.09177899360657
PEMS04,FedProx,Sybil_Poisoning,46,40,10,7825,0.3,0.35,3.1765007972717285,3.6953887939453125,5.795996189117432,0.8789,0.6170087227146677,0.6536876917161061,0.7225027094120381,0.8887009417849365,0.9933177704712941,3.264594554901123,3.724170446395874,5.819205284118652,0.89755,0.6262557715242807,0.6610523983584968,0.7108944457628217,0.9074755366479705,0.9951729430396776,0.5,0.3,0.0,0.0,0.5,0.5,0.0,0.35,3,394.52736353874207
PEMS04,FedProx,Sybil_Poisoning,47,40,10,7825,0.3,0.35,3.1090798377990723,3.6241190433502197,5.742230415344238,0.87455,0.6020650064149953,0.6395718734316334,0.7135329546953966,0.8849731617415584,0.993188851235676,3.1578831672668457,3.6081440448760986,5.703169345855713,0.8939,0.6067540776274585,0.642070750839021,0.6965698279675572,0.904313991442101,0.9952356722202687,0.5,0.3,0.0,0.0,0.5,0.5,0.0,0.35,3,395.5759060382843
PEMS04,SCAFFOLD,Sybil_Poisoning,42,40,10,7825,0.3,0.35,1.1073246002197266,1.9911710023880005,2.205669403076172,0.94275,0.7972865934295275,0.7809050599165213,0.8215535258557095,0.9419629396826859,0.9937873102990468,1.0252288579940796,1.8132346868515015,2.0228328704833984,0.95575,0.7981673441347625,0.78268714988015,0.8161083408486853,0.955174779472775,0.9952103832785731,0.5,0.3,0.0,0.0,0.5,0.5,0.0,0.35,3,254.59346556663513
PEMS04,SCAFFOLD,Sybil_Poisoning,43,40,10,7825,0.3,0.35,1.1493247747421265,2.0639102458953857,2.20206356048584,0.94025,0.7969986534887916,0.7908541449237158,0.8071824336724603,0.9402556906902475,0.993397997782608,1.0636130571365356,1.8896329402923584,2.0160951614379883,0.95275,0.7999972845362805,0.7954457424581879,0.805082608463547,0.9527734859830609,0.9947620608818758,0.5,0.3,0.0,0.0,0.5,0.5,0.0,0.35,3,254.2571074962616
PEMS04,SCAFFOLD,Sybil_Poisoning,44,40,10,7825,0.3,0.35,1.237531304359436,2.032714366912842,2.260234832763672,0.93875,0.8031119036596289,0.8021189488527767,0.8072463793480553,0.9395706689408837,0.9937121849719958,1.163102388381958,1.861258864402771,2.0910837650299072,0.95295,0.8115767879469598,0.8131327270957664,0.8111932647045051,0.9537224044484085,0.9951156728048547,0.5,0.3,0.0,0.0,0.5,0.5,0.0,0.35,3,251.69752311706543
PEMS04,SCAFFOLD,Sybil_Poisoning,45,40,10,7825,0.3,0.35,1.101723074913025,2.01957631111145,2.106583595275879,0.94165,0.8025633445661491,0.7949134574058933,0.8130591706343603,0.9412648574147275,0.9935979734313233,1.014190673828125,1.8416125774383545,1.9164340496063232,0.95425,0.8041206289892779,0.7958114018998257,0.8129259607147814,0.953945179504642,0.9949274142375556,0.5,0.3,0.0,0.0,0.5,0.5,0.0,0.35,3,252.27685475349426
PEMS04,SCAFFOLD,Sybil_Poisoning,46,40,10,7825,0.3,0.35,1.2193448543548584,2.062602996826172,2.272320032119751,0.9366,0.7993013989047422,0.8056895277206007,0.7952076563427691,0.9378160850554664,0.9935658152341454,1.1303967237472534,1.8752027750015259,2.0722382068634033,0.9516,0.8102083954904831,0.8163368735316092,0.8049552458859262,0.9525494509089325,0.995004988525287,0.5,0.3,0.0,0.0,0.5,0.5,0.0,0.35,3,253.54711842536926
PEMS04,SCAFFOLD,Sybil_Poisoning,47,40,10,7825,0.3,0.35,1.0815738439559937,1.9991629123687744,2.0590105056762695,0.94185,0.8027658696690327,0.792124483156959,0.8162277322577853,0.9411092293127931,0.9936328505262162,0.9924185276031494,1.810581922531128,1.866495966911316,0.9547,0.8074967655747267,0.7976182138343906,0.818089837210597,0.9541619608075725,0.9950087015918514,0.5,0.3,0.0,0.0,0.5,0.5,0.0,0.35,3,252.93627786636353
PEMS04,FLTrust,Sybil_Poisoning,42,40,10,7825,0.3,0.35,1.1214306354522705,1.9054304361343384,2.126568555831909,0.9454,0.8174778254162074,0.8054999784614523,0.8349987244607897,0.9453520942498872,0.9938562133406599,1.058242917060852,1.7404013872146606,1.974731683731079,0.95845,0.8253129612863084,0.8153546156713544,0.8370013665591023,0.9585249998907435,0.9954987524443317,0.7142857142857142,0.07444957558654995,1.0,1.0,0.03104404207052929,0.0058266267490883665,0.025217415321440926,0.35,3,271.92009019851685
PEMS04,FLTrust,Sybil_Poisoning,43,40,10,7825,0.3,0.35,1.3619986772537231,2.263516902923584,2.6845345497131348,0.94325,0.7777918048081377,0.7885147320541481,0.7830905354700034,0.9414748684046595,0.9937166930038015,1.2811025381088257,2.06455397605896,2.5025908946990967,0.95655,0.7880793653941953,0.7975431902406882,0.7946472840636571,0.9553128065390103,0.9952314423595742,1.0,0.0,1.0,1.0,0.22607611758368357,0.0,0.22607611758368357,0.35,3,270.8128938674927
PEMS04,FLTrust,Sybil_Poisoning,44,40,10,7825,0.3,0.35,1.0822653770446777,1.9465676546096802,2.048123359680176,0.94355,0.8030576032683288,0.7877542196450588,0.8209519479888272,0.9427317828159552,0.993772426183814,1.0015666484832764,1.7402863502502441,1.8479058742523193,0.9572,0.8168786331467481,0.8062706975481045,0.8281453725454018,0.956761669904646,0.9953222439247911,0.7142857142857143,0.0,1.0,1.0,0.009732497057744436,0.0,0.009732497057744436,0.35,3,271.663104057312
PEMS04,FLTrust,Sybil_Poisoning,45,40,10,7825,0.3,0.35,1.2159862518310547,2.0956039428710938,2.326664686203003,0.94285,0.7907828838721626,0.7940276555102471,0.7958918001967156,0.9411504108306211,0.9938229543813604,1.1402596235275269,1.8891270160675049,2.153501033782959,0.9581,0.8128821598567206,0.8120251657430553,0.820611839014958,0.956891423339036,0.9952929259336176,1.0,0.0,1.0,1.0,0.16729651817253657,0.0,0.16729651817253657,0.35,3,271.89082884788513
PEMS04,FLTrust,Sybil_Poisoning,46,40,10,7825,0.3,0.35,1.127817988395691,1.9230700731277466,2.147627353668213,0.94375,0.8043265092619529,0.7883573851776827,0.8260728140728141,0.9431457426350842,0.9940664239380175,1.0637325048446655,1.7504597902297974,1.9892444610595703,0.9582,0.8198597517345287,0.803192827804569,0.8384871970958612,0.9578225220970841,0.9955529039603164,0.9047619047619049,0.019673461057853957,1.0,1.0,0.020746105749692236,0.0009714565239846706,0.019774649225707566,0.35,3,271.5712745189667
PEMS04,FLTrust,Sybil_Poisoning,47,40,10,7825,0.3,0.35,1.2208455801010132,2.105421543121338,2.306354522705078,0.94495,0.8013753211671645,0.80657089020873,0.8026925615928,0.9434458614569968,0.9937332733919542,1.1373491287231445,1.8789591789245605,2.1141717433929443,0.959,0.8183665606364438,0.8199717920467686,0.8232894779679414,0.9579111404009971,0.9955202000792092,1.0,0.0,1.0,1.0,0.08440332114696503,0.0,0.08440332114696503,0.35,3,270.5981068611145
PEMS04,Multi-Krum,Sybil_Poisoning,42,40,10,7825,0.3,0.35,0.9991618394851685,1.8394988775253296,1.8571041822433472,0.94705,0.8197817085380903,0.8090181053708955,0.8321602535112931,0.9462305127634149,0.9939474058989393,0.9246909022331238,1.6563299894332886,1.6884562969207764,0.9603,0.8346828674715562,0.8251554392958322,0.8449629336909883,0.9597336635121164,0.9955574479035034,1.0,0.0,1.0,0.14285714285714285,0.6666666666666667,0.11111111111111112,0.5555555555555556,0.35,3,247.47119688987732
PEMS04,Multi-Krum,Sybil_Poisoning,43,40,10,7825,0.3,0.35,1.0038477182388306,1.8631449937820435,1.8601083755493164,0.94625,0.8170012847194487,0.8129491478287552,0.8226380804317577,0.9454125640563796,0.9940430444994728,0.9269233345985413,1.686714768409729,1.6836944818496704,0.96055,0.836771874581058,0.8318621028677498,0.8427357749455993,0.9600143131710873,0.9955729371101074,1.0,0.0,1.0,0.14285714285714285,0.6666666666666666,0.11111111111111112,0.5555555555555555,0.35,3,248.31545066833496
PEMS04,Multi-Krum,Sybil_Poisoning,44,40,10,7825,0.3,0.35,1.0072474479675293,1.8575210571289062,1.874929428100586,0.94615,0.8190931349568522,0.8106877622537976,0.8285670319332773,0.945233097880029,0.993948250453138,0.9259465932846069,1.6658530235290527,1.6810801029205322,0.9604,0.8326641469424493,0.826143546469677,0.8403407825768626,0.9598663251145511,0.9954784307479904,1.0,0.0,1.0,0.14285714285714285,0.6666666666666666,0.11111111111111112,0.5555555555555555,0.35,3,247.35203504562378
PEMS04,Multi-Krum,Sybil_Poisoning,45,40,10,7825,0.3,0.35,1.0040303468704224,1.8814070224761963,1.8552722930908203,0.9459,0.8138845528371336,0.805619123376158,0.823381884926178,0.9449104837726576,0.9941164543328496,0.9239962697029114,1.663574457168579,1.6781489849090576,0.96035,0.8351521940929609,0.8275162955727765,0.8439715781369852,0.9597387082668012,0.9954962098952573,1.0,0.0,1.0,0.14285714285714285,0.6666666666666666,0.11111111111111112,0.5555555555555555,0.35,3,248.91863322257996
PEMS04,Multi-Krum,Sybil_Poisoning,46,40,10,7825,0.3,0.35,1.005199909210205,1.875760793685913,1.8659781217575073,0.94525,0.811667021370182,0.8067341747252451,0.8183349432414049,0.9442640145620049,0.9940048644377052,0.926181435585022,1.6729639768600464,1.691204309463501,0.96005,0.8313764409322311,0.8237142374940539,0.8406401225700847,0.9593169119870331,0.9955267714209046,1.0,0.0,1.0,0.14285714285714285,0.6666666666666667,0.11111111111111112,0.5555555555555556,0.35,3,248.42625260353088
PEMS04,Multi-Krum,Sybil_Poisoning,47,40,10,7825,0.3,0.35,1.0082097053527832,1.8681249618530273,1.8685624599456787,0.9459,0.8122101578173557,0.802853735495521,0.822737943252388,0.9447689360929992,0.9940747772067126,0.9233078956604004,1.6573891639709473,1.6688950061798096,0.96135,0.8387586014902709,0.8271899153569965,0.8513884594965198,0.9605834716235949,0.9955848398573446,1.0,0.0,1.0,0.14285714285714285,0.6666666666666666,0.11111111111111112,0.5555555555555555,0.35,3,247.5492880344391
PEMS04,Static-Mamdani-FL,Sybil_Poisoning,42,40,10,7825,0.3,0.35,1.9243521690368652,2.485417127609253,3.5767288208007812,0.9246,0.7596037159239133,0.7615108499082595,0.793628538366617,0.9281065239605614,0.9937109230022761,1.8971859216690063,2.3754613399505615,3.4554238319396973,0.9415,0.771571021780429,0.7763660524793503,0.7931699667976195,0.944568879152134,0.9953576287867945,1.0,0.1922895073881586,0.0,0.0,0.8769476188133891,0.4871360841064683,0.3898115347069208,0.35,3,249.59848189353943
PEMS04,Static-Mamdani-FL,Sybil_Poisoning,43,40,10,7825,0.3,0.35,2.094524621963501,2.6495907306671143,3.9145286083221436,0.92095,0.7356290451498129,0.7384150747325329,0.7813307856731139,0.9246317931993657,0.993446525875626,2.088218927383423,2.574056386947632,3.8198187351226807,0.9375,0.7357014228375223,0.7397331378180527,0.7721019880841007,0.9406254481634071,0.9953324385896233,1.0,0.19561389203846252,0.0,0.0,0.8544709223276109,0.48485201640973535,0.36961890591787555,0.35,3,249.6867892742157
PEMS04,Static-Mamdani-FL,Sybil_Poisoning,44,40,10,7825,0.3,0.35,1.9239599704742432,2.491915464401245,3.5725913047790527,0.9254,0.7571584363302509,0.7580038760432897,0.790205115246917,0.9286710168071619,0.9936730864812684,1.9020742177963257,2.3931920528411865,3.453676462173462,0.94095,0.7629364670034579,0.7659507372813071,0.7870291705194038,0.9438996099504268,0.9952784956234778,1.0,0.19425185410585488,0.0,0.0,0.8710584055117293,0.4899930489742245,0.3810653565375048,0.35,3,249.56172561645508
PEMS04,Static-Mamdani-FL,Sybil_Poisoning,45,40,10,7825,0.3,0.35,2.1563870906829834,2.692737340927124,3.96807599067688,0.91735,0.746510500686026,0.7530237790234787,0.7816655356572012,0.9222134050503767,0.9936707780585359,2.146136999130249,2.603210210800171,3.8601200580596924,0.93355,0.7472211045784081,0.7553824140994926,0.7745241859534959,0.9377929519211508,0.9952903281608666,1.0,0.19457142553872936,0.0,0.0,0.873363091652118,0.49229298537750105,0.38107010627461696,0.35,3,247.1176130771637
PEMS04,Static-Mamdani-FL,Sybil_Poisoning,46,40,10,7825,0.3,0.35,2.0067765712738037,2.5930593013763428,3.806504726409912,0.9225,0.7261977159244474,0.7297886209810385,0.7787275556401037,0.9255948240232783,0.9936501953438043,1.9907621145248413,2.5018362998962402,3.690490961074829,0.94,0.7366723083873439,0.7388600783412259,0.7759339795530481,0.9425295296039944,0.9954139200294125,1.0,0.19605234058065002,0.0,0.0,0.8546105385045745,0.48628322203548335,0.3683273164690911,0.35,3,244.518483877182
PEMS04,Static-Mamdani-FL,Sybil_Poisoning,47,40,10,7825,0.3,0.35,1.9865849018096924,2.584110736846924,3.782005548477173,0.9228,0.7322211380335515,0.735939220288179,0.7840407667457623,0.9260262973503346,0.9936164964100271,1.9664783477783203,2.4798202514648438,3.6608521938323975,0.9391,0.737285170338324,0.7431286545403933,0.7771764597900173,0.9418428046386602,0.9955067347186786,1.0,0.2019804319555833,0.0,0.0,0.8265623231430385,0.4881442144458976,0.33841810869714084,0.35,3,242.21920800209045
PEMS04,ZeroTrust-ANFIS-FL,Sybil_Poisoning,42,40,10,7825,0.3,0.35,1.0003703832626343,1.8760504722595215,1.8393298387527466,0.946,0.8159873623763814,0.8096948400243307,0.82345612579449,0.9451033436511832,0.9932716766167622,0.9185106158256531,1.653994083404541,1.6614537239074707,0.96185,0.8440838446371277,0.8385492482499061,0.8505643781215753,0.9614087921040778,0.9956168800820155,1.0,0.0,1.0,0.0,0.7088318425947154,0.34865320808974093,0.3601786345049745,0.5175804604940621,3,248.5546054840088
PEMS04,ZeroTrust-ANFIS-FL,Sybil_Poisoning,43,40,10,7825,0.3,0.35,1.0020146369934082,1.8480420112609863,1.8529222011566162,0.9478,0.8214748928110753,0.8130718386895236,0.8313217665366885,0.9467766926253129,0.9939355974990497,0.9254759550094604,1.6723078489303589,1.6824378967285156,0.9607,0.8345306986192194,0.8280229677347688,0.8428225673833598,0.9600673900548056,0.9955080304483082,1.0,0.0,1.0,0.0,0.7047699828308358,0.3093557549023553,0.3954142279284805,0.4926496058061097,3,248.8840582370758
PEMS04,ZeroTrust-ANFIS-FL,Sybil_Poisoning,44,40,10,7825,0.3,0.35,1.006422758102417,1.8638557195663452,1.8668798208236694,0.9468,0.8189294529522982,0.8067468806248244,0.832670377445428,0.9457995916455879,0.9939690879676654,0.9281779527664185,1.6744481325149536,1.6870148181915283,0.9614,0.8383424304936643,0.8304159886270537,0.8478164201799607,0.9608200870112084,0.9954430012986817,1.0,0.0,1.0,0.0,0.6910264939303274,0.31450218957949394,0.3765243043508335,0.49555230843587605,3,248.24839663505554
PEMS04,ZeroTrust-ANFIS-FL,Sybil_Poisoning,45,40,10,7825,0.3,0.35,1.0042909383773804,1.8682078123092651,1.8687489032745361,0.94675,0.8192551981158754,0.809645843829904,0.8303799603256868,0.9458328687979957,0.9941192958115492,0.9261058568954468,1.662274718284607,1.688501000404358,0.95995,0.8319722097436095,0.8236428830494147,0.8418763609114347,0.9593466597268034,0.9955791306521207,1.0,0.0,1.0,0.0,0.6843493749138523,0.31671688321447694,0.36763249169937534,0.4813480705217037,3,248.30468845367432
PEMS04,ZeroTrust-ANFIS-FL,Sybil_Poisoning,46,40,10,7825,0.3,0.35,1.0081864595413208,1.8623720407485962,1.8675520420074463,0.94595,0.8139954586891955,0.8098372593318036,0.8202630415663712,0.9449370543899138,0.9940829992149636,0.9314718842506409,1.6828209161758423,1.7025353908538818,0.9601,0.8334738112056499,0.8290199081492151,0.839903618979271,0.9594723811246256,0.9953704658319794,1.0,0.0,1.0,0.0,0.6895874808942404,0.3087191185448544,0.380868362349386,0.49350766424150655,3,248.51620721817017
PEMS04,ZeroTrust-ANFIS-FL,Sybil_Poisoning,47,40,10,7825,0.3,0.35,1.0041437149047852,1.8574774265289307,1.8755236864089966,0.9466,0.8166631688394235,0.8053513795762628,0.8302539793524977,0.9456884901072231,0.9940281418122996,0.9207441210746765,1.65165376663208,1.6740996837615967,0.9608,0.8370229093097068,0.8269983052263653,0.8480815309584011,0.960124061133413,0.9956673237057005,1.0,0.0,1.0,0.0,0.7553456649604445,0.26799736899362986,0.48734829596681467,0.4912334151583812,3,248.46141242980957
